id,name,brand,composition,strength,form,pack_size,category,rx_required,price,stock
1,Dolo 650,Micro Labs,Paracetamol,650mg,Tablet,15 tablets,Pain relief & fever,FALSE,,
2,Dolo 500,Micro Labs,Paracetamol,500mg,Tablet,15 tablets,Pain relief & fever,FALSE,,
3,Crocin Advance,GSK,Paracetamol,500mg,Tablet,15 tablets,Pain relief & fever,FALSE,,
4,Crocin Pain Relief,GSK,Paracetamol + Caffeine,650mg+50mg,Tablet,15 tablets,Pain relief & fever,FALSE,,
5,Calpol 500,GSK,Paracetamol,500mg,Tablet,15 tablets,Pain relief & fever,FALSE,,
6,Calpol 650,GSK,Paracetamol,650mg,Tablet,15 tablets,Pain relief & fever,FALSE,,
7,Paracip 650,Cipla,Paracetamol,650mg,Tablet,15 tablets,Pain relief & fever,FALSE,,
8,Paracip 500,Cipla,Paracetamol,500mg,Tablet,15 tablets,Pain relief & fever,FALSE,,
9,P-650,Abbott,Paracetamol,650mg,Tablet,15 tablets,Pain relief & fever,FALSE,,
10,Crocin 120 Suspension,GSK,Paracetamol,120mg/5ml,Syrup,60ml,Pain relief & fever,FALSE,,
11,Calpol 120 Suspension,GSK,Paracetamol,120mg/5ml,Syrup,60ml,Pain relief & fever,FALSE,,
12,Dolo 250 Suspension,Micro Labs,Paracetamol,250mg/5ml,Syrup,60ml,Pain relief & fever,FALSE,,
13,Combiflam,Sanofi,Ibuprofen + Paracetamol,400mg+325mg,Tablet,20 tablets,Pain relief & fever,FALSE,,
14,Combiflam Suspension,Sanofi,Ibuprofen + Paracetamol,100mg+162.5mg/5ml,Syrup,60ml,Pain relief & fever,FALSE,,
15,Flexon,Aristo,Ibuprofen + Paracetamol,400mg+325mg,Tablet,15 tablets,Pain relief & fever,FALSE,,
16,Ibugesic Plus,Cipla,Ibuprofen + Paracetamol,400mg+325mg,Tablet,15 tablets,Pain relief & fever,FALSE,,
17,Ibugesic Syrup,Cipla,Ibuprofen,100mg/5ml,Syrup,100ml,Pain relief & fever,FALSE,,
18,Brufen 400,Abbott,Ibuprofen,400mg,Tablet,30 tablets,Pain relief & fever,FALSE,,
19,Meftal 500,Blue Cross,Mefenamic Acid,500mg,Tablet,10 tablets,Pain relief & fever,FALSE,,
20,Meftal P Suspension,Blue Cross,Mefenamic Acid,100mg/5ml,Syrup,60ml,Pain relief & fever,FALSE,,
21,Voveran 50,Novartis,Diclofenac,50mg,Tablet,30 tablets,Pain relief & fever,TRUE,,
22,Voveran SR 100,Novartis,Diclofenac,100mg,Capsule,10 capsules,Pain relief & fever,TRUE,,
23,Voveran Gel,Novartis,Diclofenac,1.16% w/w,Gel,30g,Pain relief & fever,FALSE,,
24,Volini Gel,Sun Pharma,Diclofenac,1.16% w/w,Gel,75g,Pain relief & fever,FALSE,,
25,Fastum Gel,Menarini,Ketoprofen,2.5% w/w,Gel,30g,Pain relief & fever,FALSE,,
26,Nimulid Gel,Panacea Biotec,Nimesulide,1% w/w,Gel,30g,Pain relief & fever,FALSE,,
27,Zerodol P,Ipca,Aceclofenac + Paracetamol,100mg+325mg,Tablet,15 tablets,Pain relief & fever,TRUE,,
28,Zerodol SP,Ipca,Aceclofenac + Serratiopeptidase + Paracetamol,100mg+15mg+325mg,Tablet,10 tablets,Pain relief & fever,TRUE,,
29,Hifenac P,Intas,Aceclofenac + Paracetamol,100mg+325mg,Tablet,15 tablets,Pain relief & fever,TRUE,,
30,Enzoflam,Alkem,Diclofenac + Paracetamol + Serratiopeptidase,50mg+325mg+10mg,Tablet,15 tablets,Pain relief & fever,TRUE,,
31,Ultracet,Janssen,Tramadol + Paracetamol,37.5mg+325mg,Tablet,15 tablets,Pain relief & fever,TRUE,,
32,Myospaz Forte,Win-Medicare,Chlorzoxazone + Diclofenac + Paracetamol,500mg+50mg+325mg,Tablet,10 tablets,Pain relief & fever,TRUE,,
33,Chymoral Forte,Torrent,Trypsin + Chymotrypsin,100000 AU,Tablet,20 tablets,Pain relief & fever,TRUE,,
34,Nise 100,Dr. Reddy's,Nimesulide,100mg,Tablet,15 tablets,Pain relief & fever,TRUE,,
35,Naprosyn 500,RPG Life Sciences,Naproxen,500mg,Tablet,15 tablets,Pain relief & fever,TRUE,,
36,Naxdom 500,Sun Pharma,Naproxen + Domperidone,500mg+10mg,Tablet,10 tablets,Pain relief & fever,TRUE,,
37,Nucoxia 90,Zydus,Etoricoxib,90mg,Tablet,15 tablets,Pain relief & fever,TRUE,,
38,Etova P,Ipca,Etoricoxib + Paracetamol,60mg+325mg,Tablet,10 tablets,Pain relief & fever,TRUE,,
39,Dolonex DT,Pfizer,Piroxicam,20mg,Tablet,10 tablets,Pain relief & fever,TRUE,,
40,Ecosprin 75,USV,Aspirin,75mg,Tablet,14 tablets,Pain relief & fever,TRUE,,
