id,name,brand,composition,strength,form,pack_size,category,rx_required,price,stock
1,Dolo 650,Micro Labs,Paracetamol,650mg,Tablet,15 tablets,Pain relief & fever,FALSE,,
2,Dolo 500,Micro Labs,Paracetamol,500mg,Tablet,15 tablets,Pain relief & fever,FALSE,,
3,Crocin Advance,GSK,Paracetamol,500mg,Tablet,15 tablets,Pain relief & fever,FALSE,,
4,Crocin Pain Relief,GSK,Paracetamol + Caffeine,650mg+50mg,Tablet,15 tablets,Pain relief & fever,FALSE,,
5,Calpol 500,GSK,Paracetamol,500mg,Tablet,15 tablets,Pain relief & fever,FALSE,,
6,Calpol 650,GSK,Paracetamol,650mg,Tablet,15 tablets,Pain relief & fever,FALSE,,
7,Paracip 650,Cipla,Paracetamol,650mg,Tablet,15 tablets,Pain relief & fever,FALSE,,
8,Paracip 500,Cipla,Paracetamol,500mg,Tablet,15 tablets,Pain relief & fever,FALSE,,
9,P-650,Abbott,Paracetamol,650mg,Tablet,15 tablets,Pain relief & fever,FALSE,,
10,Crocin 120 Suspension,GSK,Paracetamol,120mg/5ml,Syrup,60ml,Pain relief & fever,FALSE,,
11,Calpol 120 Suspension,GSK,Paracetamol,120mg/5ml,Syrup,60ml,Pain relief & fever,FALSE,,
12,Dolo 250 Suspension,Micro Labs,Paracetamol,250mg/5ml,Syrup,60ml,Pain relief & fever,FALSE,,
13,Combiflam,Sanofi,Ibuprofen + Paracetamol,400mg+325mg,Tablet,20 tablets,Pain relief & fever,FALSE,,
14,Combiflam Suspension,Sanofi,Ibuprofen + Paracetamol,100mg+162.5mg/5ml,Syrup,60ml,Pain relief & fever,FALSE,,
15,Flexon,Aristo,Ibuprofen + Paracetamol,400mg+325mg,Tablet,15 tablets,Pain relief & fever,FALSE,,
16,Ibugesic Plus,Cipla,Ibuprofen + Paracetamol,400mg+325mg,Tablet,15 tablets,Pain relief & fever,FALSE,,
17,Ibugesic Syrup,Cipla,Ibuprofen,100mg/5ml,Syrup,100ml,Pain relief & fever,FALSE,,
18,Brufen 400,Abbott,Ibuprofen,400mg,Tablet,30 tablets,Pain relief & fever,FALSE,,
19,Meftal 500,Blue Cross,Mefenamic Acid,500mg,Tablet,10 tablets,Pain relief & fever,FALSE,,
20,Meftal P Suspension,Blue Cross,Mefenamic Acid,100mg/5ml,Syrup,60ml,Pain relief & fever,FALSE,,
21,Voveran 50,Novartis,Diclofenac,50mg,Tablet,30 tablets,Pain relief & fever,TRUE,,
22,Voveran SR 100,Novartis,Diclofenac,100mg,Capsule,10 capsules,Pain relief & fever,TRUE,,
23,Voveran Gel,Novartis,Diclofenac,1.16% w/w,Gel,30g,Pain relief & fever,FALSE,,
24,Volini Gel,Sun Pharma,Diclofenac,1.16% w/w,Gel,75g,Pain relief & fever,FALSE,,
25,Fastum Gel,Menarini,Ketoprofen,2.5% w/w,Gel,30g,Pain relief & fever,FALSE,,
26,Nimulid Gel,Panacea Biotec,Nimesulide,1% w/w,Gel,30g,Pain relief & fever,FALSE,,
27,Zerodol P,Ipca,Aceclofenac + Paracetamol,100mg+325mg,Tablet,15 tablets,Pain relief & fever,TRUE,,
28,Zerodol SP,Ipca,Aceclofenac + Serratiopeptidase + Paracetamol,100mg+15mg+325mg,Tablet,10 tablets,Pain relief & fever,TRUE,,
29,Hifenac P,Intas,Aceclofenac + Paracetamol,100mg+325mg,Tablet,15 tablets,Pain relief & fever,TRUE,,
30,Enzoflam,Alkem,Diclofenac + Paracetamol + Serratiopeptidase,50mg+325mg+10mg,Tablet,15 tablets,Pain relief & fever,TRUE,,
31,Ultracet,Janssen,Tramadol + Paracetamol,37.5mg+325mg,Tablet,15 tablets,Pain relief & fever,TRUE,,
32,Myospaz Forte,Win-Medicare,Chlorzoxazone + Diclofenac + Paracetamol,500mg+50mg+325mg,Tablet,10 tablets,Pain relief & fever,TRUE,,
33,Chymoral Forte,Torrent,Trypsin + Chymotrypsin,100000 AU,Tablet,20 tablets,Pain relief & fever,TRUE,,
34,Nise 100,Dr. Reddy's,Nimesulide,100mg,Tablet,15 tablets,Pain relief & fever,TRUE,,
35,Naprosyn 500,RPG Life Sciences,Naproxen,500mg,Tablet,15 tablets,Pain relief & fever,TRUE,,
36,Naxdom 500,Sun Pharma,Naproxen + Domperidone,500mg+10mg,Tablet,10 tablets,Pain relief & fever,TRUE,,
37,Nucoxia 90,Zydus,Etoricoxib,90mg,Tablet,15 tablets,Pain relief & fever,TRUE,,
38,Etova P,Ipca,Etoricoxib + Paracetamol,60mg+325mg,Tablet,10 tablets,Pain relief & fever,TRUE,,
39,Dolonex DT,Pfizer,Piroxicam,20mg,Tablet,10 tablets,Pain relief & fever,TRUE,,
40,Ecosprin 75,USV,Aspirin,75mg,Tablet,14 tablets,Pain relief & fever,TRUE,,
41,Zerodol 100,Ipca,Aceclofenac,100mg,Tablet,15 tablets,Pain relief & fever,TRUE,,
42,Zerodol-P,Ipca,Aceclofenac 100mg + Paracetamol 325mg,100mg + 325mg,Tablet,15 tablets,Pain relief & fever,TRUE,,
43,Zerodol-SP,Ipca,Aceclofenac 100mg + Paracetamol 325mg + Serratiopeptidase 15mg,100mg + 325mg + 15mg,Tablet,10 tablets,Pain relief & fever,TRUE,,
44,Dynapar SR 75,Micro Labs,Diclofenac Sodium,75mg,Tablet,10 tablets,Pain relief & fever,TRUE,,
45,Dynapar AQ,Micro Labs,Diclofenac Sodium,75mg,Injection,1ml ampoule,Pain relief & fever,TRUE,,
46,Dynapar Gel,Micro Labs,Diclofenac 1%,1%,Gel,30g,Pain relief & fever,FALSE,,
47,Hifenac 200 SR,Intas,Aceclofenac,200mg,Tablet,10 tablets,Pain relief & fever,TRUE,,
48,Hifenac-P,Intas,Aceclofenac 100mg + Paracetamol 325mg,100mg + 325mg,Tablet,10 tablets,Pain relief & fever,TRUE,,
49,Enzoflam,Alniche,Diclofenac 50mg + Paracetamol 325mg + Chlorzoxazone 250mg,50mg + 325mg + 250mg,Tablet,15 tablets,Pain relief & fever,FALSE,,
50,Flexon,Aristo,Ibuprofen 400mg + Paracetamol 325mg,400mg + 325mg,Tablet,15 tablets,Pain relief & fever,FALSE,,
51,Ibugesic 200,Cipla,Ibuprofen,200mg,Tablet,15 tablets,Pain relief & fever,FALSE,,
52,Ibugesic Plus,Cipla,Ibuprofen 400mg + Paracetamol 325mg,400mg + 325mg,Tablet,15 tablets,Pain relief & fever,FALSE,,
53,Naprosyn 250,RPG Life Sciences,Naproxen,250mg,Tablet,15 tablets,Pain relief & fever,FALSE,,
54,Nicip,Cipla,Nimesulide,100mg,Tablet,15 tablets,Pain relief & fever,FALSE,,
55,Ultracet,Janssen,Tramadol 37.5mg + Paracetamol 325mg,37.5mg + 325mg,Tablet,15 tablets,Pain relief & fever,TRUE,,
56,Tramacet 37.5,Janssen,Tramadol 37.5mg + Paracetamol 325mg,37.5mg + 325mg,Tablet,15 tablets,Pain relief & fever,TRUE,,
57,Contramal 50,Modi-Mundipharma,Tramadol,50mg,Capsule,10 capsules,Pain relief & fever,TRUE,,
58,Myospaz,Win-Medicare,Chlorzoxazone 250mg + Diclofenac 50mg + Paracetamol 325mg,250mg + 50mg + 325mg,Tablet,10 tablets,Pain relief & fever,FALSE,,
59,Mobizox,Sun Pharma,Chlorzoxazone 250mg + Diclofenac 50mg + Paracetamol 325mg,250mg + 50mg + 325mg,Tablet,10 tablets,Pain relief & fever,FALSE,,
60,Parafon DSC,Janssen,Chlorzoxazone,500mg,Tablet,10 tablets,Pain relief & fever,FALSE,,
61,Myoril 4,Sanofi,Thiocolchicoside,4mg,Capsule,10 capsules,Pain relief & fever,TRUE,,
62,Baclof 10,Sun Pharma,Baclofen,10mg,Tablet,10 tablets,Pain relief & fever,TRUE,,
63,Sirdalud 2,Novartis,Tizanidine,2mg,Tablet,10 tablets,Pain relief & fever,TRUE,,
64,Etoshine 90,Sun Pharma,Etoricoxib,90mg,Tablet,15 tablets,Pain relief & fever,TRUE,,
65,Etoshine 60,Sun Pharma,Etoricoxib,60mg,Tablet,10 tablets,Pain relief & fever,TRUE,,
66,Celact 200,Sun Pharma,Celecoxib,200mg,Capsule,10 capsules,Pain relief & fever,TRUE,,
67,Melonex 7.5,Intas,Meloxicam,7.5mg,Tablet,10 tablets,Pain relief & fever,TRUE,,
68,Dolonex 20,Pfizer,Piroxicam,20mg,Tablet,10 tablets,Pain relief & fever,TRUE,,
69,Cataflam 50,Novartis,Diclofenac Potassium,50mg,Tablet,10 tablets,Pain relief & fever,TRUE,,
70,Ketanov 10,Sun Pharma,Ketorolac Tromethamine,10mg,Tablet,20 tablets,Pain relief & fever,TRUE,,
71,Chymoral Forte,Torrent,Trypsin 48mg + Chymotrypsin 52mg,48mg + 52mg,Tablet,20 tablets,Pain relief & fever,TRUE,,
72,Omnigel,Cipla,Diclofenac 1% + Methyl Salicylate 10% + Menthol 5%,1%,Gel,30g,Pain relief & fever,FALSE,,
73,Fastum Gel,Menarini,Ketoprofen,2.5%,Gel,30g,Pain relief & fever,FALSE,,
74,Disprin,Reckitt,Aspirin,350mg,Tablet,10 tablets,Pain relief & fever,FALSE,,
75,Loprin 75,USV,Aspirin,75mg,Tablet,14 tablets,Pain relief & fever,TRUE,,
76,Pacimol 500,Ipca,Paracetamol,500mg,Tablet,15 tablets,Pain relief & fever,FALSE,,
77,Betadine 10% Ointment 20g,Win-Medicare,Povidone Iodine,10%,Ointment,20g,First aid & antiseptics,FALSE,,
78,Betadine 10% Ointment 10g,Win-Medicare,Povidone Iodine,10%,Ointment,10g,First aid & antiseptics,FALSE,,
79,Betadine 10% Solution 100ml,Win-Medicare,Povidone Iodine,10%,Solution,100ml,First aid & antiseptics,FALSE,,
80,Betadine 10% Solution 500ml,Win-Medicare,Povidone Iodine,10%,Solution,500ml,First aid & antiseptics,FALSE,,
81,Betadine 7.5% Surgical Scrub 100ml,Win-Medicare,Povidone Iodine,7.5%,Solution,100ml,First aid & antiseptics,FALSE,,
82,Betadine 7.5% Surgical Scrub 500ml,Win-Medicare,Povidone Iodine,7.5%,Solution,500ml,First aid & antiseptics,FALSE,,
83,Betadine 2% Gargle and Mouthwash 100ml,Win-Medicare,Povidone Iodine,2%,Solution,100ml,First aid & antiseptics,FALSE,,
84,Dettol Antiseptic Liquid 100ml,Reckitt,Chloroxylenol,4.8%,Solution,100ml,First aid & antiseptics,FALSE,,
85,Dettol Antiseptic Liquid 200ml,Reckitt,Chloroxylenol,4.8%,Solution,200ml,First aid & antiseptics,FALSE,,
86,Dettol Antiseptic Liquid 500ml,Reckitt,Chloroxylenol,4.8%,Solution,500ml,First aid & antiseptics,FALSE,,
87,Dettol Antiseptic Liquid 1000ml,Reckitt,Chloroxylenol,4.8%,Solution,1000ml,First aid & antiseptics,FALSE,,
88,Savlon Antiseptic Disinfectant Liquid 100ml,ITC,Chlorhexidine Gluconate + Cetrimide,-,Solution,100ml,First aid & antiseptics,FALSE,,
89,Savlon Antiseptic Disinfectant Liquid 200ml,ITC,Chlorhexidine Gluconate + Cetrimide,-,Solution,200ml,First aid & antiseptics,FALSE,,
90,Savlon Antiseptic Disinfectant Liquid 500ml,ITC,Chlorhexidine Gluconate + Cetrimide,-,Solution,500ml,First aid & antiseptics,FALSE,,
91,Savlon Antiseptic Disinfectant Liquid 1000ml,ITC,Chlorhexidine Gluconate + Cetrimide,-,Solution,1000ml,First aid & antiseptics,FALSE,,
92,Soframycin Skin Cream 30g,Sanofi,Framycetin Sulphate,1%,Cream,30g,First aid & antiseptics,FALSE,,
93,Neosporin Ointment 20g,GSK,Polymyxin B + Bacitracin + Neomycin,-,Ointment,20g,First aid & antiseptics,FALSE,,
94,Neosporin Dusting Powder 10g,GSK,Polymyxin B + Bacitracin + Neomycin,-,Powder,10g,First aid & antiseptics,FALSE,,
95,Burnol Cream 10g,Morepen,Aminacrine + Cetrimide,-,Cream,10g,First aid & antiseptics,FALSE,,
96,Burnol Cream 20g,Morepen,Aminacrine + Cetrimide,-,Cream,20g,First aid & antiseptics,FALSE,,
97,Silverex Cream 20g,Sun Pharma,Silver Sulfadiazine,1%,Cream,20g,First aid & antiseptics,FALSE,,
98,Silverex Cream 50g,Sun Pharma,Silver Sulfadiazine,1%,Cream,50g,First aid & antiseptics,FALSE,,
99,Cipladine Ointment 20g,Cipla,Povidone Iodine,10%,Ointment,20g,First aid & antiseptics,FALSE,,
100,Cipladine Solution 100ml,Cipla,Povidone Iodine,10%,Solution,100ml,First aid & antiseptics,FALSE,,
101,Cipladine Solution 500ml,Cipla,Povidone Iodine,10%,Solution,500ml,First aid & antiseptics,FALSE,,
102,Wokadine 10% Ointment 20g,Wockhardt,Povidone Iodine,10%,Ointment,20g,First aid & antiseptics,FALSE,,
103,Wokadine 10% Solution 100ml,Wockhardt,Povidone Iodine,10%,Solution,100ml,First aid & antiseptics,FALSE,,
104,Wokadine 2% Gargle 100ml,Wockhardt,Povidone Iodine,2%,Solution,100ml,First aid & antiseptics,FALSE,,
105,Hydrogen Peroxide Solution 6% 100ml,Generic,Hydrogen Peroxide,6%,Solution,100ml,First aid & antiseptics,FALSE,,
106,Hydrogen Peroxide Solution 6% 400ml,Generic,Hydrogen Peroxide,6%,Solution,400ml,First aid & antiseptics,FALSE,,
107,Surgical Spirit 100ml,Generic,Methylated Spirit,-,Solution,100ml,First aid & antiseptics,FALSE,,
108,Surgical Spirit 400ml,Generic,Methylated Spirit,-,Solution,400ml,First aid & antiseptics,FALSE,,
109,Boroline Antiseptic Cream 20g,GD Pharmaceuticals,Boric Acid + Zinc Oxide,-,Cream,20g,First aid & antiseptics,FALSE,,
110,T-Bact Ointment 15g,GSK,Mupirocin,2%,Ointment,15g,First aid & antiseptics,FALSE,,
111,Fucidin Cream 15g,Leo Pharma,Fusidic Acid,2%,Cream,15g,First aid & antiseptics,FALSE,,
112,Tincture Benzoin Compound 100ml,Generic,Benzoin + Storax + Tolu Balsam,-,Solution,100ml,First aid & antiseptics,FALSE,,
113,Gentian Violet Solution 1% 100ml,Generic,Gentian Violet,1%,Solution,100ml,First aid & antiseptics,FALSE,,
114,Calamine Lotion 100ml,Generic,Calamine + Zinc Oxide,-,Lotion,100ml,First aid & antiseptics,FALSE,,
115,Caladryl Lotion 100ml,P&G Health,Calamine + Diphenhydramine,-,Lotion,100ml,First aid & antiseptics,FALSE,,
116,Lacto Calamine Lotion 120ml,Piramal,Kaolin + Zinc Oxide,-,Lotion,120ml,First aid & antiseptics,FALSE,,
117,Sinarest,Centaur,Chlorpheniramine Maleate + Paracetamol + Phenylephrine,500mg,Tablet,15 tablets,Cold & Flu,FALSE,,
118,Vicks Action 500,P&G,Paracetamol + Phenylephrine + Caffeine,500mg,Tablet,20 tablets,Cold & Flu,FALSE,,
119,Crocin Cold & Flu,GSK,Paracetamol + Phenylephrine + Caffeine,500mg,Tablet,15 tablets,Cold & Flu,FALSE,,
120,Crocin Cold & Flu Max,GSK,Paracetamol + Phenylephrine + Caffeine,500mg,Tablet,15 tablets,Cold & Flu,FALSE,,
121,D-Cold Total,Paras,Paracetamol + Phenylephrine + Chlorpheniramine + Caffeine,500mg,Tablet,15 tablets,Cold & Flu,FALSE,,
122,Coldact,Alniche,Chlorpheniramine + Paracetamol + Phenylephrine,500mg,Capsule,10 capsules,Cold & Flu,FALSE,,
123,Wikoryl,Alembic,Chlorpheniramine + Paracetamol + Phenylephrine,500mg,Tablet,10 tablets,Cold & Flu,FALSE,,
124,Cheston Cold,Cipla,Cetirizine + Paracetamol + Phenylephrine,500mg,Tablet,10 tablets,Cold & Flu,FALSE,,
125,Solvin Cold,Ipca,Chlorpheniramine + Paracetamol + Phenylephrine,500mg,Tablet,10 tablets,Cold & Flu,FALSE,,
126,Dolo Cold,Micro Labs,Paracetamol + Cetirizine + Phenylephrine,500mg,Tablet,15 tablets,Cold & Flu,FALSE,,
127,Alerid Cold,Cipla,Cetirizine + Paracetamol + Phenylephrine,500mg,Tablet,10 tablets,Cold & Flu,FALSE,,
128,Okacet Cold,Cipla,Cetirizine + Paracetamol + Phenylephrine,500mg,Tablet,10 tablets,Cold & Flu,FALSE,,
129,Febrex Plus,Ipca,Paracetamol + Chlorpheniramine + Phenylephrine,500mg,Tablet,15 tablets,Cold & Flu,FALSE,,
130,Actifed Cold,J&J,Triprolidine + Pseudoephedrine,60mg,Tablet,15 tablets,Cold & Flu,FALSE,,
131,Sudafed,J&J,Pseudoephedrine,60mg,Tablet,24 tablets,Cold & Flu,FALSE,,
132,Allegra 120,Sanofi,Fexofenadine,120mg,Tablet,10 tablets,Allergy,FALSE,,
133,Allegra 180,Sanofi,Fexofenadine,180mg,Tablet,10 tablets,Allergy,FALSE,,
134,Fexova 120,Ipca,Fexofenadine,120mg,Tablet,10 tablets,Allergy,FALSE,,
135,Histafree 120,Mankind,Fexofenadine,120mg,Tablet,10 tablets,Allergy,FALSE,,
136,Allegra Suspension,Sanofi,Fexofenadine,30mg/5ml,Syrup,100ml,Allergy,FALSE,,
137,Cetrizet,Ipca,Cetirizine,10mg,Tablet,15 tablets,Allergy,FALSE,,
138,Cetzine,GSK,Cetirizine,10mg,Tablet,15 tablets,Allergy,FALSE,,
139,Alerid,Cipla,Cetirizine,10mg,Tablet,10 tablets,Allergy,FALSE,,
140,Okacet,Cipla,Cetirizine,10mg,Tablet,15 tablets,Allergy,FALSE,,
141,Cetcip,Cipla,Cetirizine,10mg,Tablet,10 tablets,Allergy,FALSE,,
142,Zyncet,Sun,Cetirizine,10mg,Tablet,10 tablets,Allergy,FALSE,,
143,Zyrtec,J&J,Cetirizine,10mg,Tablet,10 tablets,Allergy,FALSE,,
144,Levocet 5,Lupin,Levocetirizine,5mg,Tablet,10 tablets,Allergy,FALSE,,
145,Xyzal 5,GSK,Levocetirizine,5mg,Tablet,10 tablets,Allergy,FALSE,,
146,Levosiz 5,Hetero,Levocetirizine,5mg,Tablet,10 tablets,Allergy,FALSE,,
147,1-AL,FDC,Levocetirizine,5mg,Tablet,15 tablets,Allergy,FALSE,,
148,Avil 25,Sanofi,Pheniramine,25mg,Tablet,15 tablets,Allergy,FALSE,,
149,Polaramine,MSD,Dexchlorpheniramine,2mg,Tablet,30 tablets,Allergy,FALSE,,
150,Piriton,GSK,Chlorpheniramine,4mg,Tablet,30 tablets,Allergy,FALSE,,
151,Piriton Syrup,GSK,Chlorpheniramine,2mg/5ml,Syrup,100ml,Allergy,FALSE,,
152,Dazit 5,Sun,Desloratadine,5mg,Tablet,10 tablets,Allergy,FALSE,,
153,Deslor 5,MSD,Desloratadine,5mg,Tablet,10 tablets,Allergy,FALSE,,
154,Ebast 10,Micro Labs,Ebastine,10mg,Tablet,10 tablets,Allergy,FALSE,,
155,Lorfast 10,Torrent,Loratadine,10mg,Tablet,10 tablets,Allergy,FALSE,,
156,Loridin Rapitab,Cadila,Loratadine,10mg,Tablet,10 tablets,Allergy,FALSE,,
157,Bilast 20,Micro Labs,Bilastine,20mg,Tablet,10 tablets,Allergy,FALSE,,
158,Bilaxten,Menarini,Bilastine,20mg,Tablet,10 tablets,Allergy,FALSE,,
159,Montair 10,Cipla,Montelukast,10mg,Tablet,15 tablets,Allergy,TRUE,,
160,Montair 5 Chewable,Cipla,Montelukast,5mg,Tablet,15 tablets,Allergy,TRUE,,
161,Montek 10,Sun,Montelukast,10mg,Tablet,15 tablets,Allergy,TRUE,,
162,Montair LC,Cipla,Levocetirizine + Montelukast,5mg+10mg,Tablet,10 tablets,Allergy,TRUE,,
163,Montek LC,Sun,Levocetirizine + Montelukast,5mg+10mg,Tablet,10 tablets,Allergy,TRUE,,
164,Levocet M,Lupin,Levocetirizine + Montelukast,5mg+10mg,Tablet,10 tablets,Allergy,TRUE,,
165,Xyzal M,GSK,Levocetirizine + Montelukast,5mg+10mg,Tablet,10 tablets,Allergy,TRUE,,
166,Bisolvon,Sanofi,Bromhexine,8mg,Tablet,25 tablets,Cough,FALSE,,
167,Ambrodil 30,Aristo,Ambroxol,30mg,Tablet,10 tablets,Cough,FALSE,,
168,Mucolite 30,Dr Reddy's,Ambroxol,30mg,Tablet,10 tablets,Cough,FALSE,,
169,Alex Lozenges,Glenmark,Dextromethorphan,10mg,Tablet,10 lozenges,Cough,FALSE,,
170,Strepsils,Reckitt,Amylmetacresol + Dichlorobenzyl Alcohol,0.6mg+1.2mg,Tablet,24 lozenges,Cough,FALSE,,
171,Vicks Cough Drops,P&G,Menthol,-,Tablet,20 drops,Cough,FALSE,,
172,Benadryl Cough Relief,J&J,Diphenhydramine + Ammonium Chloride + Sodium Citrate,14mg/5ml,Syrup,100ml,Cough,FALSE,,
173,Ascoril,Glenmark,Bromhexine + Guaiphenesin + Terbutaline,4mg/5ml,Syrup,100ml,Cough,FALSE,,
174,Ascoril D,Glenmark,Dextromethorphan,10mg/5ml,Syrup,100ml,Cough,FALSE,,
175,Ascoril D Plus,Glenmark,Dextromethorphan + Phenylephrine + Chlorpheniramine,10mg/5ml,Syrup,100ml,Cough,FALSE,,
176,Ascoril LS,Glenmark,Ambroxol + Levosalbutamol + Guaiphenesin,30mg/5ml,Syrup,100ml,Cough,FALSE,,
177,Solvin LS,Ipca,Ambroxol + Levosalbutamol + Guaiphenesin,30mg/5ml,Syrup,100ml,Cough,FALSE,,
178,Grilinctus,Franco Indian,Dextromethorphan + Chlorpheniramine,10mg/5ml,Syrup,100ml,Cough,FALSE,,
179,Tusq-DX,Blue Cross,Dextromethorphan + Chlorpheniramine,10mg/5ml,Syrup,100ml,Cough,FALSE,,
180,Chericof,Sun,Dextromethorphan + Chlorpheniramine,10mg/5ml,Syrup,100ml,Cough,FALSE,,
181,Corex DX,Pfizer,Dextromethorphan + Chlorpheniramine,10mg/5ml,Syrup,100ml,Cough,FALSE,,
182,Zedex,Wockhardt,Dextromethorphan + Chlorpheniramine,10mg/5ml,Syrup,100ml,Cough,FALSE,,
183,Honitus,Dabur,Herbal (Tulsi + Mulethi + Banapsha),-,Syrup,100ml,Cough,FALSE,,
184,Koflet,Himalaya,Herbal (Vasaka + Kantakari),-,Syrup,100ml,Cough,FALSE,,
185,Ambrodil Syrup,Aristo,Ambroxol,15mg/5ml,Syrup,100ml,Cough,FALSE,,
186,Mucolite Syrup,Dr Reddy's,Ambroxol,15mg/5ml,Syrup,100ml,Cough,FALSE,,
187,Asthalin Syrup,Cipla,Salbutamol,2mg/5ml,Syrup,100ml,Cough,FALSE,,
188,Levolin Syrup,Cipla,Levosalbutamol,1mg/5ml,Syrup,100ml,Cough,FALSE,,
189,Maxtra Syrup,Zuventus,Phenylephrine + Chlorpheniramine,5mg/5ml,Syrup,60ml,Cold & Flu,FALSE,,
190,Wikoryl Oral Suspension,Alembic,Chlorpheniramine + Paracetamol + Phenylephrine,125mg/5ml,Syrup,60ml,Cold & Flu,FALSE,,
191,Sinarest Syrup,Centaur,Chlorpheniramine + Phenylephrine,2mg/5ml,Syrup,100ml,Cold & Flu,FALSE,,
192,T-Minic Oral Drops,Walter Bushnell,Chlorpheniramine + Phenylephrine,2mg/ml,Drops,15ml,Cold & Flu,FALSE,,
193,Maxtra Oral Drops,Zuventus,Phenylephrine + Chlorpheniramine,5mg/ml,Drops,15ml,Cold & Flu,FALSE,,
194,Otrivin Paediatric Nasal Drops,GSK,Xylometazoline,0.05%,Drops,10ml,Cold & Flu,FALSE,,
195,Otrivin 0.1%,GSK,Xylometazoline,0.1%,Spray,10ml,Cold & Flu,FALSE,,
196,Nasivion Classic,Merck,Oxymetazoline,0.05%,Spray,10ml,Cold & Flu,FALSE,,
197,Nasivion Mini,Merck,Oxymetazoline,0.025%,Spray,10ml,Cold & Flu,FALSE,,
198,Flomist,Cipla,Fluticasone,50mcg,Spray,120 doses,Allergy,TRUE,,
199,Nasonex,MSD,Mometasone,50mcg,Spray,140 doses,Allergy,TRUE,,
200,Avamys,GSK,Fluticasone Furoate,27.5mcg,Spray,120 doses,Allergy,TRUE,,
201,Rhinocort,AstraZeneca,Budesonide,64mcg,Spray,120 doses,Allergy,TRUE,,
202,Asthalin Inhaler,Cipla,Salbutamol,100mcg,Inhaler,200 doses,Asthma,TRUE,,
203,Levolin Inhaler,Cipla,Levosalbutamol,50mcg,Inhaler,200 doses,Asthma,TRUE,,
204,Budecort 100 Inhaler,Cipla,Budesonide,100mcg,Inhaler,200 doses,Asthma,TRUE,,
205,Seroflo 250 Inhaler,Cipla,Salmeterol + Fluticasone,25mcg+250mcg,Inhaler,120 doses,Asthma,TRUE,,
206,Foracort 200 Inhaler,Cipla,Formoterol + Budesonide,6mcg+200mcg,Inhaler,120 doses,Asthma,TRUE,,
207,Ipvent Inhaler,Cipla,Ipratropium,20mcg,Inhaler,200 doses,Asthma,TRUE,,
208,Duolin Respules,Cipla,Ipratropium + Levosalbutamol,500mcg+1.25mg,Solution,5 respules,Asthma,TRUE,,
209,Budecort Respules 0.5mg,Cipla,Budesonide,0.5mg/2ml,Solution,5 respules,Asthma,TRUE,,
210,Levolin Respules 1.25mg,Cipla,Levosalbutamol,1.25mg,Solution,5 respules,Asthma,TRUE,,
211,Deriphylline 150,Zydus,Etofylline + Theophylline,150mg,Tablet,30 tablets,Asthma,TRUE,,
212,Deriphylline Retard 300,Zydus,Etofylline + Theophylline,300mg,Tablet,30 tablets,Asthma,TRUE,,
213,Doxolin 400,Lupin,Doxofylline,400mg,Tablet,30 tablets,Asthma,TRUE,,
214,Vicks Vaporub,P&G,Camphor + Menthol + Eucalyptus Oil,-,Ointment,50ml,Cold & Flu,FALSE,,
215,Vicks Inhaler,P&G,Camphor + Menthol + Eucalyptus Oil,0.5ml,Inhaler,1 inhaler,Cold & Flu,FALSE,,
216,Karvol Plus,GSK,Camphor + Menthol + Eucalyptus Oil,-,Capsule,10 capsules,Cold & Flu,FALSE,,
217,Johnson's Baby Powder,J&J,Talc,-,Powder,200g,Baby Care,FALSE,,
218,Johnson's Baby Shampoo,J&J,Gentle Cleansers,-,Lotion,200ml,Baby Care,FALSE,,
219,Johnson's Baby Oil,J&J,Mineral Oil,-,Lotion,200ml,Baby Care,FALSE,,
220,Johnson's Baby Lotion,J&J,Moisturizers,-,Lotion,200ml,Baby Care,FALSE,,
221,Johnson's Baby Cream,J&J,Moisturizers,-,Cream,100g,Baby Care,FALSE,,
222,Himalaya Baby Powder,Himalaya,Herbal (Khus + Olive Oil),-,Powder,200g,Baby Care,FALSE,,
223,Himalaya Gentle Baby Shampoo,Himalaya,Herbal (Hibiscus + Chickpea),-,Lotion,200ml,Baby Care,FALSE,,
224,Himalaya Baby Massage Oil,Himalaya,Herbal (Olive + Ashvagandha),-,Lotion,200ml,Baby Care,FALSE,,
225,Himalaya Baby Lotion,Himalaya,Herbal (Almond + Olive),-,Lotion,200ml,Baby Care,FALSE,,
226,Himalaya Diaper Rash Cream,Himalaya,Zinc Oxide + Almond Oil,-,Cream,50g,Baby Care,FALSE,,
227,Sebamed Baby Powder,Sebapharma,Talc + Olive Oil,-,Powder,200g,Baby Care,FALSE,,
228,Sebamed Baby Shampoo,Sebapharma,Gentle Cleansers pH 5.5,-,Lotion,150ml,Baby Care,FALSE,,
229,Sebamed Baby Cream,Sebapharma,Chamomile + Panthenol,-,Cream,100ml,Baby Care,FALSE,,
230,Cetaphil Baby Daily Lotion,Galderma,Moisturizers,-,Lotion,200ml,Baby Care,FALSE,,
231,Rashfree Cream,Curatio,Zinc Oxide,-,Cream,50g,Baby Care,FALSE,,
232,Woodward's Gripe Water,TTK,Herbal (Dill Oil + Sodium Bicarbonate),-,Syrup,200ml,Baby Care,FALSE,,
233,Dabur Janma Ghunti,Dabur,Herbal (Ayurvedic),-,Syrup,125ml,Baby Care,FALSE,,
234,Bonnisan Drops,Himalaya,Herbal (Dill Oil + Tinospora),-,Drops,30ml,Baby Care,FALSE,,
235,Colicaid Oral Drops,Sun,Simethicone,40mg/ml,Drops,30ml,Baby Care,FALSE,,
236,Neopeptine Drops,Raptakos,Digestive Enzymes (Alpha Amylase + Papain),-,Drops,15ml,Baby Care,FALSE,,
237,Uprise D3 Drops,Alniche,Cholecalciferol,400IU,Drops,15ml,Baby Care,FALSE,,
238,Crocin Drops,GSK,Paracetamol,100mg/ml,Drops,15ml,Baby Care,FALSE,,
239,Lactogen 1 Infant Formula,Nestle,Infant Milk Formula,-,Powder,400g,Mother & Child,FALSE,,
240,Nan Pro 1 Infant Formula,Nestle,Infant Milk Formula,-,Powder,400g,Mother & Child,FALSE,,
241,Dexolac 1 Infant Formula,Danone,Infant Milk Formula,-,Powder,400g,Mother & Child,FALSE,,
242,Cerelac Wheat,Nestle,Infant Cereal (Wheat),-,Powder,300g,Mother & Child,FALSE,,
243,Mother's Horlicks,HUL,Maternal Nutrition Powder,-,Powder,500g,Mother & Child,FALSE,,
244,Protinex Mama,Danone,Maternal Protein Powder,-,Powder,400g,Mother & Child,FALSE,,
245,Galact Granules,Corona,Lactation Supplement (Shatavari),-,Powder,200g,Mother & Child,FALSE,,
246,Electral Powder,FDC,Oral Rehydration Salts,21.8g,Sachet,21.8g,Baby Care,FALSE,,
247,Azithral 500,Alembic,Azithromycin,500mg,Tablet,3 tablets,Antibiotics,TRUE,,
248,Azithral 250,Alembic,Azithromycin,250mg,Tablet,6 tablets,Antibiotics,TRUE,,
249,Azee 500,Cipla,Azithromycin,500mg,Tablet,3 tablets,Antibiotics,TRUE,,
250,Azee 250,Cipla,Azithromycin,250mg,Tablet,6 tablets,Antibiotics,TRUE,,
251,Zithromax 500,Pfizer,Azithromycin,500mg,Tablet,3 tablets,Antibiotics,TRUE,,
252,Zithromax 250,Pfizer,Azithromycin,250mg,Tablet,6 tablets,Antibiotics,TRUE,,
253,Augmentin 625,GSK,Amoxycillin + Clavulanic Acid,625mg,Tablet,10 tablets,Antibiotics,TRUE,,
254,Augmentin 375,GSK,Amoxycillin + Clavulanic Acid,375mg,Tablet,10 tablets,Antibiotics,TRUE,,
255,Clavam 625,Alkem,Amoxycillin + Clavulanic Acid,625mg,Tablet,10 tablets,Antibiotics,TRUE,,
256,Clavam 375,Alkem,Amoxycillin + Clavulanic Acid,375mg,Tablet,10 tablets,Antibiotics,TRUE,,
257,Moxikind-CV 625,Mankind,Amoxycillin + Clavulanic Acid,625mg,Tablet,10 tablets,Antibiotics,TRUE,,
258,Moxikind-CV 375,Mankind,Amoxycillin + Clavulanic Acid,375mg,Tablet,10 tablets,Antibiotics,TRUE,,
259,Cifran 500,Sun Pharma,Ciprofloxacin,500mg,Tablet,10 tablets,Antibiotics,TRUE,,
260,Cifran 250,Sun Pharma,Ciprofloxacin,250mg,Tablet,10 tablets,Antibiotics,TRUE,,
261,Ciplox 500,Cipla,Ciprofloxacin,500mg,Tablet,10 tablets,Antibiotics,TRUE,,
262,Ciplox 250,Cipla,Ciprofloxacin,250mg,Tablet,10 tablets,Antibiotics,TRUE,,
263,Zoxan 500,FDC,Ciprofloxacin,500mg,Tablet,10 tablets,Antibiotics,TRUE,,
264,Zoxan 250,FDC,Ciprofloxacin,250mg,Tablet,10 tablets,Antibiotics,TRUE,,
265,Ciprolet 500,Dr Reddy's,Ciprofloxacin,500mg,Tablet,10 tablets,Antibiotics,TRUE,,
266,Ciprolet 250,Dr Reddy's,Ciprofloxacin,250mg,Tablet,10 tablets,Antibiotics,TRUE,,
267,Cifran-CT,Sun Pharma,Ciprofloxacin + Tinidazole,500mg+600mg,Tablet,10 tablets,Antibiotics,TRUE,,
268,Zanocin 200,Sun Pharma,Ofloxacin,200mg,Tablet,10 tablets,Antibiotics,TRUE,,
269,Zanocin 400,Sun Pharma,Ofloxacin,400mg,Tablet,10 tablets,Antibiotics,TRUE,,
270,Oflomac 200,Macleods,Ofloxacin,200mg,Tablet,10 tablets,Antibiotics,TRUE,,
271,Oflomac 400,Macleods,Ofloxacin,400mg,Tablet,10 tablets,Antibiotics,TRUE,,
272,Zenflox 200,Mankind,Ofloxacin,200mg,Tablet,10 tablets,Antibiotics,TRUE,,
273,Zenflox 400,Mankind,Ofloxacin,400mg,Tablet,10 tablets,Antibiotics,TRUE,,
274,Norflox 400,Cipla,Norfloxacin,400mg,Tablet,10 tablets,Antibiotics,TRUE,,
275,Norflox-TZ,Cipla,Norfloxacin + Tinidazole,400mg+600mg,Tablet,10 tablets,Antibiotics,TRUE,,
276,O2 Tablet,Medley,Ofloxacin + Ornidazole,200mg+500mg,Tablet,10 tablets,Antibiotics,TRUE,,
277,Orni-O,Mankind,Ofloxacin + Ornidazole,200mg+500mg,Tablet,10 tablets,Antibiotics,TRUE,,
278,Taxim 200,Alkem,Cefixime,200mg,Tablet,10 tablets,Antibiotics,TRUE,,
279,Taxim 100,Alkem,Cefixime,100mg,Tablet,10 tablets,Antibiotics,TRUE,,
280,Taxim-O 200,Alkem,Cefixime,200mg,Tablet,10 tablets,Antibiotics,TRUE,,
281,Taxim-O 100,Alkem,Cefixime,100mg,Tablet,10 tablets,Antibiotics,TRUE,,
282,Zifi 200,FDC,Cefixime,200mg,Tablet,10 tablets,Antibiotics,TRUE,,
283,Zifi 100,FDC,Cefixime,100mg,Tablet,10 tablets,Antibiotics,TRUE,,
284,Zifi-AZ,FDC,Cefixime + Azithromycin,200mg+250mg,Tablet,10 tablets,Antibiotics,TRUE,,
285,Mahacef 200,Mankind,Cefixime,200mg,Tablet,10 tablets,Antibiotics,TRUE,,
286,Mahacef 100,Mankind,Cefixime,100mg,Tablet,10 tablets,Antibiotics,TRUE,,
287,Ziprax 200,Cipla,Cefixime,200mg,Tablet,10 tablets,Antibiotics,TRUE,,
288,Cepodem 200,Sun Pharma,Cefpodoxime,200mg,Tablet,10 tablets,Antibiotics,TRUE,,
289,Cepodem 100,Sun Pharma,Cefpodoxime,100mg,Tablet,10 tablets,Antibiotics,TRUE,,
290,Gudcef 200,Mankind,Cefpodoxime,200mg,Tablet,10 tablets,Antibiotics,TRUE,,
291,Gudcef 100,Mankind,Cefpodoxime,100mg,Tablet,10 tablets,Antibiotics,TRUE,,
292,Doxcef 200,Lupin,Cefpodoxime,200mg,Tablet,10 tablets,Antibiotics,TRUE,,
293,Ceftum 500,GSK,Cefuroxime,500mg,Tablet,10 tablets,Antibiotics,TRUE,,
294,Ceftum 250,GSK,Cefuroxime,250mg,Tablet,10 tablets,Antibiotics,TRUE,,
295,Zocef 500,GSK,Cefuroxime,500mg,Tablet,10 tablets,Antibiotics,TRUE,,
296,Cefakind 500,Mankind,Cefuroxime,500mg,Tablet,10 tablets,Antibiotics,TRUE,,
297,Cefakind 250,Mankind,Cefuroxime,250mg,Tablet,10 tablets,Antibiotics,TRUE,,
298,Sporidex 500,Sun Pharma,Cephalexin,500mg,Capsule,10 capsules,Antibiotics,TRUE,,
299,Sporidex 250,Sun Pharma,Cephalexin,250mg,Capsule,10 capsules,Antibiotics,TRUE,,
300,Droxyl 500,Torrent,Cefadroxil,500mg,Tablet,10 tablets,Antibiotics,TRUE,,
301,Odoxil 500,Lupin,Cefadroxil,500mg,Tablet,10 tablets,Antibiotics,TRUE,,
302,Faronem 200,Sun Pharma,Faropenem,200mg,Tablet,10 tablets,Antibiotics,TRUE,,
303,Faronem 300,Sun Pharma,Faropenem,300mg,Tablet,10 tablets,Antibiotics,TRUE,,
304,Mox 500,Sun Pharma,Amoxycillin,500mg,Capsule,10 capsules,Antibiotics,TRUE,,
305,Mox 250,Sun Pharma,Amoxycillin,250mg,Capsule,10 capsules,Antibiotics,TRUE,,
306,Novamox 500,Cipla,Amoxycillin,500mg,Capsule,10 capsules,Antibiotics,TRUE,,
307,Novamox 250,Cipla,Amoxycillin,250mg,Capsule,10 capsules,Antibiotics,TRUE,,
308,Wymox 500,Pfizer,Amoxycillin,500mg,Capsule,10 capsules,Antibiotics,TRUE,,
309,Roscillin 500,Sun Pharma,Ampicillin,500mg,Capsule,10 capsules,Antibiotics,TRUE,,
310,Althrocin 500,Alembic,Erythromycin,500mg,Tablet,10 tablets,Antibiotics,TRUE,,
311,Althrocin 250,Alembic,Erythromycin,250mg,Tablet,10 tablets,Antibiotics,TRUE,,
312,Erythrokind 500,Mankind,Erythromycin,500mg,Tablet,10 tablets,Antibiotics,TRUE,,
313,Roxid 150,Alembic,Roxithromycin,150mg,Tablet,10 tablets,Antibiotics,TRUE,,
314,Roxid 300,Alembic,Roxithromycin,300mg,Tablet,10 tablets,Antibiotics,TRUE,,
315,Claribid 500,Ipca,Clarithromycin,500mg,Tablet,10 tablets,Antibiotics,TRUE,,
316,Claribid 250,Ipca,Clarithromycin,250mg,Tablet,10 tablets,Antibiotics,TRUE,,
317,Flagyl 400,Abbott,Metronidazole,400mg,Tablet,15 tablets,Antibiotics,TRUE,,
318,Flagyl 200,Abbott,Metronidazole,200mg,Tablet,15 tablets,Antibiotics,TRUE,,
319,Metrogyl 400,JB Chemicals,Metronidazole,400mg,Tablet,15 tablets,Antibiotics,TRUE,,
320,Dalacin C 300,Pfizer,Clindamycin,300mg,Capsule,10 capsules,Antibiotics,TRUE,,
321,Dalacin C 150,Pfizer,Clindamycin,150mg,Capsule,10 capsules,Antibiotics,TRUE,,
322,Lizolid 600,Cipla,Linezolid,600mg,Tablet,10 tablets,Antibiotics,TRUE,,
323,Linospan 600,Alkem,Linezolid,600mg,Tablet,10 tablets,Antibiotics,TRUE,,
324,Glevo 500,Glenmark,Levofloxacin,500mg,Tablet,10 tablets,Antibiotics,TRUE,,
325,Glevo 250,Glenmark,Levofloxacin,250mg,Tablet,10 tablets,Antibiotics,TRUE,,
326,Levomac 500,Macleods,Levofloxacin,500mg,Tablet,10 tablets,Antibiotics,TRUE,,
327,Moxif 400,Cipla,Moxifloxacin,400mg,Tablet,10 tablets,Antibiotics,TRUE,,
328,Gatiquin 400,Cipla,Gatifloxacin,400mg,Tablet,10 tablets,Antibiotics,TRUE,,
329,Doxicip 100,Cipla,Doxycycline,100mg,Capsule,10 capsules,Antibiotics,TRUE,,
330,Microdox-LB,Micro Labs,Doxycycline + Lactobacillus,100mg,Capsule,10 capsules,Antibiotics,TRUE,,
331,Resteclin 500,Abbott,Tetracycline,500mg,Capsule,10 capsules,Antibiotics,TRUE,,
332,Rifagut 400,Sun Pharma,Rifaximin,400mg,Tablet,10 tablets,Antibiotics,TRUE,,
333,Rifagut 200,Sun Pharma,Rifaximin,200mg,Tablet,10 tablets,Antibiotics,TRUE,,
334,Sibofix 400,Lupin,Rifaximin,400mg,Tablet,10 tablets,Antibiotics,TRUE,,
335,Niftran 100,Sun Pharma,Nitrofurantoin,100mg,Capsule,10 capsules,Antibiotics,TRUE,,
336,R-Cin 450,Lupin,Rifampicin,450mg,Capsule,10 capsules,Antibiotics,TRUE,,
337,R-Cin 300,Lupin,Rifampicin,300mg,Capsule,10 capsules,Antibiotics,TRUE,,
338,Mycobutol 800,Zydus,Ethambutol,800mg,Tablet,10 tablets,Antibiotics,TRUE,,
339,Azithral 200 Syrup,Alembic,Azithromycin,200mg/5ml,Syrup,15ml,Antibiotics,TRUE,,
340,Azee 200 Syrup,Cipla,Azithromycin,200mg/5ml,Syrup,15ml,Antibiotics,TRUE,,
341,Augmentin Duo Syrup,GSK,Amoxycillin + Clavulanic Acid,200mg+28.5mg/5ml,Syrup,30ml,Antibiotics,TRUE,,
342,Moxikind-CV Syrup,Mankind,Amoxycillin + Clavulanic Acid,200mg+28.5mg/5ml,Syrup,30ml,Antibiotics,TRUE,,
343,Clavam Syrup,Alkem,Amoxycillin + Clavulanic Acid,200mg+28.5mg/5ml,Syrup,30ml,Antibiotics,TRUE,,
344,Taxim-O 50 Syrup,Alkem,Cefixime,50mg/5ml,Syrup,30ml,Antibiotics,TRUE,,
345,Zifi 50 Syrup,FDC,Cefixime,50mg/5ml,Syrup,30ml,Antibiotics,TRUE,,
346,Gudcef 50 Syrup,Mankind,Cefpodoxime,50mg/5ml,Syrup,30ml,Antibiotics,TRUE,,
347,Sporidex 125 Syrup,Sun Pharma,Cephalexin,125mg/5ml,Syrup,30ml,Antibiotics,TRUE,,
348,Mox 250 Syrup,Sun Pharma,Amoxycillin,250mg/5ml,Syrup,30ml,Antibiotics,TRUE,,
349,Metrogyl Suspension,JB Chemicals,Metronidazole,200mg/5ml,Syrup,60ml,Antibiotics,TRUE,,
350,Althrocin 125 Syrup,Alembic,Erythromycin,125mg/5ml,Syrup,30ml,Antibiotics,TRUE,,
351,Monocef 1g Injection,Aristo,Ceftriaxone,1g,Injection,1 vial,Antibiotics,TRUE,,
352,Monocef 500mg Injection,Aristo,Ceftriaxone,500mg,Injection,1 vial,Antibiotics,TRUE,,
353,Xone 1g Injection,Lupin,Ceftriaxone,1g,Injection,1 vial,Antibiotics,TRUE,,
354,Taxim 1g Injection,Alkem,Cefotaxime,1g,Injection,1 vial,Antibiotics,TRUE,,
355,Taxim 500mg Injection,Alkem,Cefotaxime,500mg,Injection,1 vial,Antibiotics,TRUE,,
356,Augmentin 1.2g Injection,GSK,Amoxycillin + Clavulanic Acid,1.2g,Injection,1 vial,Antibiotics,TRUE,,
357,Magnex 1.5g Injection,Pfizer,Cefoperazone + Sulbactam,1.5g,Injection,1 vial,Antibiotics,TRUE,,
358,Tazocin 4.5g Injection,Pfizer,Piperacillin + Tazobactam,4.5g,Injection,1 vial,Antibiotics,TRUE,,
359,Meronem 1g Injection,Pfizer,Meropenem,1g,Injection,1 vial,Antibiotics,TRUE,,
360,Mikacin 500 Injection,Aristo,Amikacin,500mg,Injection,1 vial,Antibiotics,TRUE,,
361,Garamycin 80 Injection,MSD,Gentamicin,80mg,Injection,1 vial,Antibiotics,TRUE,,
362,Monocef-SB 1.5g Injection,Aristo,Ceftriaxone + Sulbactam,1.5g,Injection,1 vial,Antibiotics,TRUE,,
363,Tygacil 50mg Injection,Pfizer,Tigecycline,50mg,Injection,1 vial,Antibiotics,TRUE,,
364,Targocid 400 Injection,Sanofi,Teicoplanin,400mg,Injection,1 vial,Antibiotics,TRUE,,
365,Invanz 1g Injection,MSD,Ertapenem,1g,Injection,1 vial,Antibiotics,TRUE,,
366,Gudcef-CV 200,Mankind,Cefpodoxime + Clavulanic Acid,200mg+125mg,Tablet,10 tablets,Antibiotics,TRUE,,
367,Flucos 150,Mankind,Fluconazole,150mg,Capsule,1 capsule,Antifungals & Antivirals,FALSE,,
368,Flucos 200,Mankind,Fluconazole,200mg,Capsule,10 capsules,Antifungals & Antivirals,TRUE,,
369,Forcan 150,Cipla,Fluconazole,150mg,Capsule,1 capsule,Antifungals & Antivirals,FALSE,,
370,Forcan 200,Cipla,Fluconazole,200mg,Capsule,10 capsules,Antifungals & Antivirals,TRUE,,
371,Forcan 50 Syrup,Cipla,Fluconazole,50mg/5ml,Syrup,30ml,Antifungals & Antivirals,TRUE,,
372,Canditral 100,Glenmark,Itraconazole,100mg,Capsule,10 capsules,Antifungals & Antivirals,TRUE,,
373,Canditral 200,Glenmark,Itraconazole,200mg,Capsule,10 capsules,Antifungals & Antivirals,TRUE,,
374,Sporanox 100,Janssen,Itraconazole,100mg,Capsule,10 capsules,Antifungals & Antivirals,TRUE,,
375,Terbinaforce 250,Mankind,Terbinafine,250mg,Tablet,10 tablets,Antifungals & Antivirals,TRUE,,
376,Sebifin 250,Sun Pharma,Terbinafine,250mg,Tablet,10 tablets,Antifungals & Antivirals,TRUE,,
377,Grisovin-FP 250,GSK,Griseofulvin,250mg,Tablet,10 tablets,Antifungals & Antivirals,TRUE,,
378,Candid Mouth Paint,Glenmark,Clotrimazole,1%,Solution,15ml,Antifungals & Antivirals,FALSE,,
379,Candid-V6,Glenmark,Clotrimazole,500mg,Tablet,6 tablets,Antifungals & Antivirals,TRUE,,
380,Daktarin Oral Gel,Janssen,Miconazole,20mg/g,Gel,40g,Antifungals & Antivirals,TRUE,,
381,Vfend 200,Pfizer,Voriconazole,200mg,Tablet,10 tablets,Antifungals & Antivirals,TRUE,,
382,Acivir 400,Cipla,Acyclovir,400mg,Tablet,10 tablets,Antifungals & Antivirals,TRUE,,
383,Acivir 800,Cipla,Acyclovir,800mg,Tablet,10 tablets,Antifungals & Antivirals,TRUE,,
384,Herpex 400,Micro Labs,Acyclovir,400mg,Tablet,10 tablets,Antifungals & Antivirals,TRUE,,
385,Zovirax 400,GSK,Acyclovir,400mg,Tablet,10 tablets,Antifungals & Antivirals,TRUE,,
386,Valcivir 1000,Cipla,Valacyclovir,1000mg,Tablet,10 tablets,Antifungals & Antivirals,TRUE,,
387,Valcivir 500,Cipla,Valacyclovir,500mg,Tablet,10 tablets,Antifungals & Antivirals,TRUE,,
388,Famvir 250,Novartis,Famciclovir,250mg,Tablet,10 tablets,Antifungals & Antivirals,TRUE,,
389,Tamiflu 75,Roche,Oseltamivir,75mg,Capsule,10 capsules,Antifungals & Antivirals,TRUE,,
390,Natflu 75,Natco,Oseltamivir,75mg,Capsule,10 capsules,Antifungals & Antivirals,TRUE,,
391,Antiflu 75,Cipla,Oseltamivir,75mg,Capsule,10 capsules,Antifungals & Antivirals,TRUE,,
392,Tenvir 300,Cipla,Tenofovir,300mg,Tablet,30 tablets,Antifungals & Antivirals,TRUE,,
393,Lamivir 150,Cipla,Lamivudine,150mg,Tablet,30 tablets,Antifungals & Antivirals,TRUE,,
394,Efavir 600,Cipla,Efavirenz,600mg,Tablet,30 tablets,Antifungals & Antivirals,TRUE,,
395,Nevimune 200,Cipla,Nevirapine,200mg,Tablet,30 tablets,Antifungals & Antivirals,TRUE,,
396,Retrovir 300,GSK,Zidovudine,300mg,Tablet,60 tablets,Antifungals & Antivirals,TRUE,,
397,Abamune 300,Cipla,Abacavir,300mg,Tablet,60 tablets,Antifungals & Antivirals,TRUE,,
398,Atazor 300,Cipla,Atazanavir,300mg,Capsule,30 capsules,Antifungals & Antivirals,TRUE,,
399,Ritomune 100,Cipla,Ritonavir,100mg,Tablet,60 tablets,Antifungals & Antivirals,TRUE,,
400,Lopimune Tablet,Cipla,Lopinavir + Ritonavir,200mg+50mg,Tablet,120 tablets,Antifungals & Antivirals,TRUE,,
401,Tivicay 50,GSK,Dolutegravir,50mg,Tablet,30 tablets,Antifungals & Antivirals,TRUE,,
402,Isentress 400,MSD,Raltegravir,400mg,Tablet,60 tablets,Antifungals & Antivirals,TRUE,,
403,X-Vir 0.5,Natco,Entecavir,0.5mg,Tablet,30 tablets,Antifungals & Antivirals,TRUE,,
404,Sebivo 600,Novartis,Telbivudine,600mg,Tablet,28 tablets,Antifungals & Antivirals,TRUE,,
405,Sovihep 400,Zydus,Sofosbuvir,400mg,Tablet,28 tablets,Antifungals & Antivirals,TRUE,,
406,Dacihep 60,Zydus,Daclatasvir,60mg,Tablet,28 tablets,Antifungals & Antivirals,TRUE,,
407,Ciplox Eye Drops,Cipla,Ciprofloxacin,0.3%,Drops,10ml,Eye & Ear Care,TRUE,,
408,Ciplox Eye Ointment,Cipla,Ciprofloxacin,0.3%,Ointment,5g,Eye & Ear Care,TRUE,,
409,Cifran Eye Drops,Sun Pharma,Ciprofloxacin,0.3%,Drops,10ml,Eye & Ear Care,TRUE,,
410,Moxicip Eye Drops,Cipla,Moxifloxacin,0.5%,Drops,5ml,Eye & Ear Care,TRUE,,
411,Mahaflox Eye Drops,Mankind,Moxifloxacin,0.5%,Drops,5ml,Eye & Ear Care,TRUE,,
412,Vigamox Eye Drops,Alcon,Moxifloxacin,0.5%,Drops,5ml,Eye & Ear Care,TRUE,,
413,Gatiquin Eye Drops,Cipla,Gatifloxacin,0.3%,Drops,5ml,Eye & Ear Care,TRUE,,
414,Zymar Eye Drops,Allergan,Gatifloxacin,0.3%,Drops,5ml,Eye & Ear Care,TRUE,,
415,Oflox Eye Drops,Cipla,Ofloxacin,0.3%,Drops,5ml,Eye & Ear Care,TRUE,,
416,Zanocin Eye Drops,Sun Pharma,Ofloxacin,0.3%,Drops,5ml,Eye & Ear Care,TRUE,,
417,Zoxan Eye Drops,FDC,Ciprofloxacin,0.3%,Drops,5ml,Eye & Ear Care,TRUE,,
418,Toba Eye Drops,Sun Pharma,Tobramycin,0.3%,Drops,5ml,Eye & Ear Care,TRUE,,
419,Toba Eye Ointment,Sun Pharma,Tobramycin,0.3%,Ointment,5g,Eye & Ear Care,TRUE,,
420,Genticyn Eye Drops,Abbott,Gentamicin,0.3%,Drops,5ml,Eye & Ear Care,TRUE,,
421,Soframycin Eye Drops,Sanofi,Framycetin,0.5%,Drops,5ml,Eye & Ear Care,TRUE,,
422,Natamet Eye Drops,Sun Pharma,Natamycin,5%,Drops,5ml,Eye & Ear Care,TRUE,,
423,Pred Forte Eye Drops,Allergan,Prednisolone,1%,Drops,5ml,Eye & Ear Care,TRUE,,
424,Betnesol Eye Drops,GSK,Betamethasone,0.1%,Drops,5ml,Eye & Ear Care,TRUE,,
425,Dexona Eye Drops,Zydus,Dexamethasone,0.1%,Drops,5ml,Eye & Ear Care,TRUE,,
426,FML Eye Drops,Allergan,Fluorometholone,0.1%,Drops,5ml,Eye & Ear Care,TRUE,,
427,Lotepex Eye Drops,Sun Pharma,Loteprednol,0.5%,Drops,5ml,Eye & Ear Care,TRUE,,
428,Ciplox-D Eye Drops,Cipla,Ciprofloxacin + Dexamethasone,0.3%+0.1%,Drops,5ml,Eye & Ear Care,TRUE,,
429,Acular Eye Drops,Allergan,Ketorolac,0.5%,Drops,5ml,Eye & Ear Care,TRUE,,
430,Nevanac Eye Drops,Alcon,Nepafenac,0.1%,Drops,5ml,Eye & Ear Care,TRUE,,
431,Olopat Eye Drops,Cipla,Olopatadine,0.1%,Drops,5ml,Eye & Ear Care,TRUE,,
432,Pataday Eye Drops,Alcon,Olopatadine,0.2%,Drops,2.5ml,Eye & Ear Care,TRUE,,
433,If2 Eye Drops,Ajanta,Olopatadine,0.1%,Drops,5ml,Eye & Ear Care,TRUE,,
434,Zaditor Eye Drops,Alcon,Ketotifen,0.025%,Drops,5ml,Eye & Ear Care,TRUE,,
435,Refresh Tears,Allergan,Carboxymethylcellulose,0.5%,Drops,10ml,Eye & Ear Care,FALSE,,
436,Systane Eye Drops,Alcon,Polyethylene Glycol + Propylene Glycol,0.4%+0.3%,Drops,10ml,Eye & Ear Care,FALSE,,
437,Systane Ultra Eye Drops,Alcon,Polyethylene Glycol + Propylene Glycol,0.4%+0.3%,Drops,10ml,Eye & Ear Care,FALSE,,
438,Tears Naturale II,Alcon,Dextran + Hypromellose,0.1%+0.3%,Drops,15ml,Eye & Ear Care,FALSE,,
439,Genteal Eye Drops,Alcon,Hypromellose + Dextran,0.3%+0.1%,Drops,10ml,Eye & Ear Care,FALSE,,
440,Optive Eye Drops,Allergan,Carboxymethylcellulose + Glycerin,0.5%+0.9%,Drops,10ml,Eye & Ear Care,FALSE,,
441,Refresh Liquigel,Allergan,Carboxymethylcellulose,1%,Drops,10ml,Eye & Ear Care,FALSE,,
442,Viscotears Gel,Alcon,Carbomer,0.2%,Gel,10g,Eye & Ear Care,FALSE,,
443,Diamox 250,Pfizer,Acetazolamide,250mg,Tablet,15 tablets,Eye & Ear Care,TRUE,,
444,Restasis Eye Drops,Allergan,Cyclosporine,0.05%,Drops,30 vials,Eye & Ear Care,TRUE,,
445,Glucomol Eye Drops,Allergan,Timolol,0.5%,Drops,5ml,Eye & Ear Care,TRUE,,
446,Iotim Eye Drops,FDC,Timolol,0.5%,Drops,5ml,Eye & Ear Care,TRUE,,
447,Travatan Eye Drops,Alcon,Travoprost,0.004%,Drops,2.5ml,Eye & Ear Care,TRUE,,
448,Xalatan Eye Drops,Pfizer,Latanoprost,0.005%,Drops,2.5ml,Eye & Ear Care,TRUE,,
449,Lumigan Eye Drops,Allergan,Bimatoprost,0.03%,Drops,3ml,Eye & Ear Care,TRUE,,
450,Alphagan Eye Drops,Allergan,Brimonidine,0.2%,Drops,5ml,Eye & Ear Care,TRUE,,
451,Combigan Eye Drops,Allergan,Brimonidine + Timolol,0.2%+0.5%,Drops,5ml,Eye & Ear Care,TRUE,,
452,Trusopt Eye Drops,MSD,Dorzolamide,2%,Drops,5ml,Eye & Ear Care,TRUE,,
453,Cosopt Eye Drops,MSD,Dorzolamide + Timolol,2%+0.5%,Drops,5ml,Eye & Ear Care,TRUE,,
454,Tropicacyl Eye Drops,Sun Pharma,Tropicamide,1%,Drops,5ml,Eye & Ear Care,TRUE,,
455,Candibiotic Ear Drops,Glenmark,Clotrimazole + Beclomethasone + Lidocaine,1%+0.025%+2%,Drops,5ml,Eye & Ear Care,TRUE,,
456,Ciplox Ear Drops,Cipla,Ciprofloxacin,0.3%,Drops,5ml,Eye & Ear Care,TRUE,,
457,Betnovate Cream,GSK,Betamethasone,0.1%,Cream,20g,Skin/Dermatology,TRUE,,
458,Betnovate Ointment,GSK,Betamethasone,0.1%,Ointment,20g,Skin/Dermatology,TRUE,,
459,Betnovate-N Cream,GSK,Betamethasone + Neomycin,0.1%+0.5%,Cream,20g,Skin/Dermatology,TRUE,,
460,Betnovate-C Cream,GSK,Betamethasone + Clioquinol,0.1%+3%,Cream,20g,Skin/Dermatology,TRUE,,
461,Tenovate Cream,GSK,Clobetasol,0.05%,Cream,30g,Skin/Dermatology,TRUE,,
462,Tenovate Ointment,GSK,Clobetasol,0.05%,Ointment,30g,Skin/Dermatology,TRUE,,
463,Dermovate Cream,GSK,Clobetasol,0.05%,Cream,20g,Skin/Dermatology,TRUE,,
464,Elocon Cream,MSD,Mometasone,0.1%,Cream,10g,Skin/Dermatology,TRUE,,
465,Momate Cream,Glenmark,Mometasone,0.1%,Cream,15g,Skin/Dermatology,TRUE,,
466,Flutivate Cream,GSK,Fluticasone,0.05%,Cream,20g,Skin/Dermatology,TRUE,,
467,Eumosone Cream,GSK,Clobetasone,0.05%,Cream,20g,Skin/Dermatology,TRUE,,
468,Kenacort Cream,Abbott,Triamcinolone,0.1%,Cream,20g,Skin/Dermatology,TRUE,,
469,Desowen Cream,Galderma,Desonide,0.05%,Cream,15g,Skin/Dermatology,TRUE,,
470,Panderm Cream,Macleods,Clobetasol + Neomycin + Miconazole,0.05%+0.5%+2%,Cream,15g,Skin/Dermatology,TRUE,,
471,Quadriderm Cream,MSD,Betamethasone + Gentamicin + Tolnaftate + Clioquinol,0.1%+0.1%+1%+3%,Cream,10g,Skin/Dermatology,TRUE,,
472,Candid-B Cream,Glenmark,Clotrimazole + Beclomethasone,1%+0.025%,Cream,20g,Skin/Dermatology,TRUE,,
473,Candid Cream,Glenmark,Clotrimazole,1%,Cream,20g,Skin/Dermatology,FALSE,,
474,Candid Powder,Glenmark,Clotrimazole,1%,Powder,100g,Skin/Dermatology,FALSE,,
475,Sebifin Cream,Sun Pharma,Terbinafine,1%,Cream,15g,Skin/Dermatology,FALSE,,
476,Terbinaforce Cream,Mankind,Terbinafine,1%,Cream,15g,Skin/Dermatology,FALSE,,
477,Nizral Cream,Janssen,Ketoconazole,2%,Cream,15g,Skin/Dermatology,FALSE,,
478,Daktarin Cream,Janssen,Miconazole,2%,Cream,15g,Skin/Dermatology,FALSE,,
479,Onabet Cream,Glenmark,Sertaconazole,2%,Cream,15g,Skin/Dermatology,FALSE,,
480,Lulifin Cream,Glenmark,Luliconazole,1%,Cream,20g,Skin/Dermatology,FALSE,,
481,Ebernet Cream,Glenmark,Eberconazole,1%,Cream,20g,Skin/Dermatology,FALSE,,
482,T-Bact Ointment,GSK,Mupirocin,2%,Ointment,5g,Skin/Dermatology,TRUE,,
483,Fusiderm Cream,Aristo,Fusidic Acid,2%,Cream,10g,Skin/Dermatology,TRUE,,
484,Soframycin Skin Cream,Sanofi,Framycetin,1%,Cream,30g,Skin/Dermatology,TRUE,,
485,Neosporin Ointment,GSK,Polymyxin B + Neomycin + Bacitracin,5000IU+0.5%+400IU,Ointment,10g,Skin/Dermatology,TRUE,,
486,Betadine Ointment,Win-Medicare,Povidone Iodine,10%,Ointment,20g,Skin/Dermatology,FALSE,,
487,Betadine Solution,Win-Medicare,Povidone Iodine,10%,Solution,100ml,Skin/Dermatology,FALSE,,
488,Retino-A Cream,Janssen,Tretinoin,0.025%,Cream,20g,Skin/Dermatology,TRUE,,
489,Adaferin Gel,Galderma,Adapalene,0.1%,Gel,15g,Skin/Dermatology,TRUE,,
490,Deriva Gel,Micro Labs,Adapalene,0.1%,Gel,15g,Skin/Dermatology,TRUE,,
491,Benzac-AC Gel,Galderma,Benzoyl Peroxide,2.5%,Gel,15g,Skin/Dermatology,FALSE,,
492,Clindac-A Gel,Galderma,Clindamycin,1%,Gel,20g,Skin/Dermatology,TRUE,,
493,Nadoxin Cream,Cipla,Nadifloxacin,1%,Cream,10g,Skin/Dermatology,TRUE,,
494,Tacroz Ointment,Glenmark,Tacrolimus,0.1%,Ointment,10g,Skin/Dermatology,TRUE,,
495,Dettol Antiseptic Liquid,Reckitt,Chloroxylenol,4.8%,Solution,100ml,Skin/Dermatology,FALSE,,
496,Zovirax Cream,GSK,Acyclovir,5%,Cream,5g,Skin/Dermatology,TRUE,,
497,Gelusil Chewable Tablet (Mint),Pfizer,Dried Aluminium Hydroxide + Magnesium Hydroxide + Simethicone,250mg/250mg/50mg,Tablet,50 tablets,Acidity & digestion,FALSE,,
498,Gelusil MPS Syrup (Mint),Pfizer,Dried Aluminium Hydroxide + Magnesium Hydroxide + Simethicone,250mg/250mg/50mg,Syrup,200ml,Acidity & digestion,FALSE,,
499,Digene Tablet (Mint),Abbott,Aluminium Hydroxide + Magnesium Hydroxide + Simethicone,300mg/250mg/25mg,Tablet,15 tablets,Acidity & digestion,FALSE,,
500,Digene Tablet (Orange),Abbott,Aluminium Hydroxide + Magnesium Hydroxide + Simethicone,300mg/250mg/25mg,Tablet,15 tablets,Acidity & digestion,FALSE,,
501,Digene Gel (Mint),Abbott,Aluminium Hydroxide + Magnesium Hydroxide + Simethicone,300mg/250mg/25mg,Gel,200ml,Acidity & digestion,FALSE,,
502,Eno Fruit Salt (Lemon),Haleon,Sodium Bicarbonate + Citric Acid + Sodium Carbonate,2.32g/2.18g/0.5g,Powder,100g,Acidity & digestion,FALSE,,
503,Eno Fruit Salt (Orange),Haleon,Sodium Bicarbonate + Citric Acid + Sodium Carbonate,2.32g/2.18g/0.5g,Powder,100g,Acidity & digestion,FALSE,,
504,Mucaine Gel (Mint),Pfizer,Oxethazaine + Aluminium Hydroxide + Magnesium Hydroxide,20mg/291mg/98mg,Gel,200ml,Acidity & digestion,FALSE,,
505,Gaviscon Syrup (Mint),Reckitt,Sodium Alginate + Sodium Bicarbonate + Calcium Carbonate,250mg/133.5mg/80mg,Syrup,200ml,Acidity & digestion,FALSE,,
506,Gaviscon Chewable Tablet (Mint),Reckitt,Sodium Alginate + Sodium Bicarbonate + Calcium Carbonate,250mg/133.5mg/80mg,Tablet,16 tablets,Acidity & digestion,FALSE,,
507,Sucrafil Suspension,Fourrts,Sucralfate,1g/10ml,Syrup,200ml,Acidity & digestion,TRUE,,
508,Pan 40 Tablet,Alkem,Pantoprazole,40mg,Tablet,15 tablets,Acidity & digestion,TRUE,,
509,Pan 20 Tablet,Alkem,Pantoprazole,20mg,Tablet,15 tablets,Acidity & digestion,TRUE,,
510,Pan-D Capsule,Alkem,Pantoprazole + Domperidone,40mg/30mg,Capsule,15 capsules,Acidity & digestion,TRUE,,
511,Pan 40 Injection,Alkem,Pantoprazole,40mg,Injection,1 vial,Acidity & digestion,TRUE,,
512,Pantocid 40 Tablet,Sun,Pantoprazole,40mg,Tablet,15 tablets,Acidity & digestion,TRUE,,
513,Pantocid 20 Tablet,Sun,Pantoprazole,20mg,Tablet,15 tablets,Acidity & digestion,TRUE,,
514,Pantodac 40 Tablet,Zydus,Pantoprazole,40mg,Tablet,15 tablets,Acidity & digestion,TRUE,,
515,Pansec 40 Tablet,Cipla,Pantoprazole,40mg,Tablet,15 tablets,Acidity & digestion,TRUE,,
516,Omez 20 Capsule,Dr Reddy's,Omeprazole,20mg,Capsule,20 capsules,Acidity & digestion,TRUE,,
517,Omez-D Capsule,Dr Reddy's,Omeprazole + Domperidone,20mg/10mg,Capsule,15 capsules,Acidity & digestion,TRUE,,
518,Omez 40 Injection,Dr Reddy's,Omeprazole,40mg,Injection,1 vial,Acidity & digestion,TRUE,,
519,Ocid 20 Capsule,Zydus,Omeprazole,20mg,Capsule,15 capsules,Acidity & digestion,TRUE,,
520,Ocid-D Capsule,Zydus,Omeprazole + Domperidone,20mg/10mg,Capsule,15 capsules,Acidity & digestion,TRUE,,
521,Lanzol 30 Capsule,Cipla,Lansoprazole,30mg,Capsule,14 capsules,Acidity & digestion,TRUE,,
522,Lanzol 15 Capsule,Cipla,Lansoprazole,15mg,Capsule,14 capsules,Acidity & digestion,TRUE,,
523,Pylokit,Cipla,Lansoprazole + Clarithromycin + Tinidazole,30mg/250mg/500mg,Tablet,1 kit,Acidity & digestion,TRUE,,
524,Razo 20 Tablet,Dr Reddy's,Rabeprazole,20mg,Tablet,15 tablets,Acidity & digestion,TRUE,,
525,Razo 10 Tablet,Dr Reddy's,Rabeprazole,10mg,Tablet,15 tablets,Acidity & digestion,TRUE,,
526,Razo-D Capsule,Dr Reddy's,Rabeprazole + Domperidone,20mg/30mg,Capsule,15 capsules,Acidity & digestion,TRUE,,
527,Rablet 20 Tablet,Lupin,Rabeprazole,20mg,Tablet,15 tablets,Acidity & digestion,TRUE,,
528,Rablet-D Capsule,Lupin,Rabeprazole + Domperidone,20mg/30mg,Capsule,10 capsules,Acidity & digestion,TRUE,,
529,Veloz-D Capsule,Torrent,Rabeprazole + Domperidone,20mg/30mg,Capsule,10 capsules,Acidity & digestion,TRUE,,
530,Nexpro 40 Tablet,Torrent,Esomeprazole,40mg,Tablet,15 tablets,Acidity & digestion,TRUE,,
531,Nexpro 20 Tablet,Torrent,Esomeprazole,20mg,Tablet,15 tablets,Acidity & digestion,TRUE,,
532,Sompraz 40 Tablet,Sun,Esomeprazole,40mg,Tablet,15 tablets,Acidity & digestion,TRUE,,
533,Sompraz-D 40 Capsule,Sun,Esomeprazole + Domperidone,40mg/30mg,Capsule,10 capsules,Acidity & digestion,TRUE,,
534,Esomac 40 Tablet,Cipla,Esomeprazole,40mg,Tablet,15 tablets,Acidity & digestion,TRUE,,
535,Izra 40 Tablet,Intas,Esomeprazole,40mg,Tablet,15 tablets,Acidity & digestion,TRUE,,
536,Famtac 20 Tablet,Sun,Famotidine,20mg,Tablet,14 tablets,Acidity & digestion,TRUE,,
537,Famocid 40 Tablet,Sun,Famotidine,40mg,Tablet,14 tablets,Acidity & digestion,TRUE,,
538,Domstal 10 Tablet,Torrent,Domperidone,10mg,Tablet,10 tablets,Acidity & digestion,TRUE,,
539,Domstal Suspension,Torrent,Domperidone,1mg/ml,Syrup,60ml,Acidity & digestion,TRUE,,
540,Vomistop 10 Tablet,Cipla,Domperidone,10mg,Tablet,10 tablets,Acidity & digestion,TRUE,,
541,Motinorm 10 Tablet,Micro Labs,Domperidone,10mg,Tablet,10 tablets,Acidity & digestion,TRUE,,
542,Emeset 4 Tablet,Cipla,Ondansetron,4mg,Tablet,10 tablets,Acidity & digestion,TRUE,,
543,Emeset 8 Tablet,Cipla,Ondansetron,8mg,Tablet,10 tablets,Acidity & digestion,TRUE,,
544,Emeset Syrup,Cipla,Ondansetron,2mg/5ml,Syrup,30ml,Acidity & digestion,TRUE,,
545,Emeset 4mg Injection,Cipla,Ondansetron,4mg/2ml,Injection,1 ampoule,Acidity & digestion,TRUE,,
546,Vomikind 4 Tablet,Mankind,Ondansetron,4mg,Tablet,10 tablets,Acidity & digestion,TRUE,,
547,Avomine 25 Tablet,Sanofi,Promethazine,25mg,Tablet,25 tablets,Acidity & digestion,TRUE,,
548,Ganaton 50 Tablet,Abbott,Itopride,50mg,Tablet,15 tablets,Acidity & digestion,TRUE,,
549,Lesuride 25 Tablet,Sun,Levosulpiride,25mg,Tablet,10 tablets,Acidity & digestion,TRUE,,
550,Cyclopam Tablet,Intas,Dicyclomine + Simethicone,20mg/20mg,Tablet,15 tablets,Acidity & digestion,TRUE,,
551,Cyclopam Suspension,Intas,Dicyclomine + Simethicone,10mg/20mg,Syrup,30ml,Acidity & digestion,TRUE,,
552,Meftal-Spas Tablet,Blue Cross,Mefenamic Acid + Dicyclomine,250mg/10mg,Tablet,10 tablets,Acidity & digestion,TRUE,,
553,Drotin 80 Tablet,Walter Bushnell,Drotaverine,80mg,Tablet,15 tablets,Acidity & digestion,TRUE,,
554,Drotin-M Tablet,Walter Bushnell,Drotaverine + Mefenamic Acid,80mg/250mg,Tablet,15 tablets,Acidity & digestion,TRUE,,
555,Drotin 40mg Injection,Walter Bushnell,Drotaverine,40mg/2ml,Injection,5 ampoules,Acidity & digestion,TRUE,,
556,Buscopan 10 Tablet,Sanofi,Hyoscine Butylbromide,10mg,Tablet,10 tablets,Acidity & digestion,TRUE,,
557,Buscopan 20mg Injection,Sanofi,Hyoscine Butylbromide,20mg/ml,Injection,5 ampoules,Acidity & digestion,TRUE,,
558,Colospa 135 Tablet,Abbott,Mebeverine,135mg,Tablet,15 tablets,Acidity & digestion,TRUE,,
559,Dulcolax 5 Tablet,Sanofi,Bisacodyl,5mg,Tablet,10 tablets,Acidity & digestion,FALSE,,
560,Cremaffin Syrup,Abbott,Liquid Paraffin + Magnesium Hydroxide,3.75ml/11.25ml,Syrup,225ml,Acidity & digestion,FALSE,,
561,Duphalac Syrup,Abbott,Lactulose,3.35g/5ml,Syrup,200ml,Acidity & digestion,FALSE,,
562,Looz Syrup,Intas,Lactulose,3.35g/5ml,Syrup,200ml,Acidity & digestion,FALSE,,
563,Sat-Isabgol Powder,Dabur,Psyllium Husk,NA,Powder,100g,Acidity & digestion,FALSE,,
564,Fybogel Sachet,Reckitt,Ispaghula Husk,3.5g,Sachet,10 sachets,Acidity & digestion,FALSE,,
565,Softovac Powder,Lupin,Psyllium Husk + Herbal Blend,NA,Powder,100g,Acidity & digestion,FALSE,,
566,Econorm Sachet,Dr Reddy's,Saccharomyces Boulardii,250mg,Sachet,6 sachets,Acidity & digestion,FALSE,,
567,Enterogermina Suspension,Sanofi,Bacillus Clausii,2 billion spores/5ml,Solution,10 x 5ml vials,Acidity & digestion,FALSE,,
568,Sporlac Tablet,Sun,Lactobacillus Sporogenes,150 million spores,Tablet,15 tablets,Acidity & digestion,FALSE,,
569,Darolac Capsule,Micro Labs,Lactobacillus Acidophilus + Lactobacillus Rhamnosus + Bifidobacterium Longum + Saccharomyces Boulardii,2.5 billion CFU,Capsule,15 capsules,Acidity & digestion,FALSE,,
570,Vizylac Capsule,Torrent,Lactic Acid Bacillus + Probiotic Blend,120 million spores,Capsule,15 capsules,Acidity & digestion,FALSE,,
571,Aristozyme Syrup,Aristo,Fungal Diastase + Pepsin,50mg/10mg,Syrup,200ml,Acidity & digestion,FALSE,,
572,Unienzyme Tablet,Unichem,Fungal Diastase + Activated Charcoal,20mg/75mg,Tablet,15 tablets,Acidity & digestion,FALSE,,
573,Creon 10000 Capsule,Abbott,Pancreatin,10000 units,Capsule,20 capsules,Acidity & digestion,TRUE,,
574,Creon 25000 Capsule,Abbott,Pancreatin,25000 units,Capsule,20 capsules,Acidity & digestion,TRUE,,
575,Festal Tablet,Sanofi,Pancreatin,192mg,Tablet,10 tablets,Acidity & digestion,TRUE,,
576,Neopeptine Drops,Cipla,Alpha Amylase + Papain,100mg/100mg,Drops,15ml,Acidity & digestion,FALSE,,
577,Vitazyme Syrup,Intas,Fungal Diastase + Pepsin,50mg/10mg,Syrup,200ml,Acidity & digestion,FALSE,,
578,Lupizyme Syrup,Lupin,Fungal Diastase + Pepsin,50mg/10mg,Syrup,200ml,Acidity & digestion,FALSE,,
579,Imodium 2 Capsule,Janssen,Loperamide,2mg,Capsule,15 capsules,Acidity & digestion,FALSE,,
580,Eldoper 2 Capsule,Micro Labs,Loperamide,2mg,Capsule,10 capsules,Acidity & digestion,FALSE,,
581,Norflox-TZ Tablet,Cipla,Norfloxacin + Tinidazole,400mg/600mg,Tablet,10 tablets,Acidity & digestion,TRUE,,
582,O2 Tablet,Medley,Ofloxacin + Ornidazole,200mg/500mg,Tablet,15 tablets,Acidity & digestion,TRUE,,
583,Oflox-OZ Tablet,Cipla,Ofloxacin + Ornidazole,200mg/500mg,Tablet,10 tablets,Acidity & digestion,TRUE,,
584,Zenflox-OZ Tablet,Mankind,Ofloxacin + Ornidazole,200mg/500mg,Tablet,10 tablets,Acidity & digestion,TRUE,,
585,Electral Powder,FDC,Sodium Chloride + Potassium Chloride + Sodium Citrate + Dextrose,WHO-ORS,Powder,21.8g sachet,Acidity & digestion,FALSE,,
586,Rifagut 400 Tablet,Sun,Rifaximin,400mg,Tablet,10 tablets,Acidity & digestion,TRUE,,
587,Liv 52 Tablet,Himalaya,Capparis Spinosa + Cichorium Intybus + Solanum Nigrum + Terminalia Arjuna,Herbal Blend,Tablet,100 tablets,Acidity & digestion,FALSE,,
588,Liv 52 Syrup,Himalaya,Capparis Spinosa + Cichorium Intybus + Solanum Nigrum,Herbal Blend,Syrup,200ml,Acidity & digestion,FALSE,,
589,Liv 52 DS Tablet,Himalaya,Capparis Spinosa + Cichorium Intybus Double Strength,Herbal Blend DS,Tablet,60 tablets,Acidity & digestion,FALSE,,
590,Hepamerz Granules,Win-Medicare,L-Ornithine L-Aspartate,5g,Sachet,10 sachets,Acidity & digestion,TRUE,,
591,Silybon 70 Capsule,Micro Labs,Silymarin,70mg,Capsule,15 capsules,Acidity & digestion,FALSE,,
592,Udiliv 150 Tablet,Intas,Ursodeoxycholic Acid,150mg,Tablet,15 tablets,Acidity & digestion,TRUE,,
593,Udiliv 300 Tablet,Intas,Ursodeoxycholic Acid,300mg,Tablet,15 tablets,Acidity & digestion,TRUE,,
594,Gasex Tablet,Himalaya,Herbal Digestive Blend,Herbal Blend,Tablet,100 tablets,Acidity & digestion,FALSE,,
595,Hajmola Tablet (Regular),Dabur,Herbal Digestive Blend,Herbal Blend,Tablet,120 tablets,Acidity & digestion,FALSE,,
596,Pudin Hara Pearls,Dabur,Peppermint Oil (Mentha Piperita),Herbal,Capsule,100 pearls,Acidity & digestion,FALSE,,
597,Glycomet 500 Tablet,USV,Metformin,500mg,Tablet,20 tablets,Diabetes care,TRUE,,
598,Glycomet 850 Tablet,USV,Metformin,850mg,Tablet,20 tablets,Diabetes care,TRUE,,
599,Glycomet 1000 Tablet,USV,Metformin,1000mg,Tablet,15 tablets,Diabetes care,TRUE,,
600,Glyciphage 500 Tablet,Franco-Indian,Metformin,500mg,Tablet,20 tablets,Diabetes care,TRUE,,
601,Gluconorm 500 Tablet,Lupin,Metformin,500mg,Tablet,20 tablets,Diabetes care,TRUE,,
602,Exermet 500 Tablet,Cipla,Metformin,500mg,Tablet,20 tablets,Diabetes care,TRUE,,
603,Riomet Syrup,Sun,Metformin,500mg/5ml,Syrup,100ml,Diabetes care,TRUE,,
604,Glycomet-GP 1 Tablet,USV,Metformin + Glimepiride,500mg/1mg,Tablet,15 tablets,Diabetes care,TRUE,,
605,Glycomet-GP 2 Tablet,USV,Metformin + Glimepiride,500mg/2mg,Tablet,15 tablets,Diabetes care,TRUE,,
606,Amaryl 1 Tablet,Sanofi,Glimepiride,1mg,Tablet,30 tablets,Diabetes care,TRUE,,
607,Amaryl 2 Tablet,Sanofi,Glimepiride,2mg,Tablet,30 tablets,Diabetes care,TRUE,,
608,Amaryl 3 Tablet,Sanofi,Glimepiride,3mg,Tablet,30 tablets,Diabetes care,TRUE,,
609,Amaryl 4 Tablet,Sanofi,Glimepiride,4mg,Tablet,30 tablets,Diabetes care,TRUE,,
610,Amaryl-M 1 Tablet,Sanofi,Glimepiride + Metformin,1mg/500mg,Tablet,30 tablets,Diabetes care,TRUE,,
611,Amaryl-M 2 Tablet,Sanofi,Glimepiride + Metformin,2mg/500mg,Tablet,30 tablets,Diabetes care,TRUE,,
612,Gemer 1 Tablet,Sun,Glimepiride + Metformin,1mg/500mg,Tablet,15 tablets,Diabetes care,TRUE,,
613,Triglynase 1 Tablet,USV,Glimepiride + Metformin + Pioglitazone,1mg/500mg/15mg,Tablet,15 tablets,Diabetes care,TRUE,,
614,Glynase 5 Tablet,USV,Glipizide,5mg,Tablet,100 tablets,Diabetes care,TRUE,,
615,Glynase-XL 10 Tablet,USV,Glipizide,10mg,Tablet,30 tablets,Diabetes care,TRUE,,
616,Daonil 5 Tablet,Sanofi,Glibenclamide,5mg,Tablet,100 tablets,Diabetes care,TRUE,,
617,Euglucon 5 Tablet,Roche,Glibenclamide,5mg,Tablet,100 tablets,Diabetes care,TRUE,,
618,Diamicron 80 Tablet,Servier,Gliclazide,80mg,Tablet,60 tablets,Diabetes care,TRUE,,
619,Diamicron-MR 60 Tablet,Servier,Gliclazide,60mg,Tablet,30 tablets,Diabetes care,TRUE,,
620,Diamicron-MR 30 Tablet,Servier,Gliclazide,30mg,Tablet,60 tablets,Diabetes care,TRUE,,
621,Reclimet Tablet,Dr Reddy's,Gliclazide + Metformin,80mg/500mg,Tablet,15 tablets,Diabetes care,TRUE,,
622,Pioz 15 Tablet,USV,Pioglitazone,15mg,Tablet,10 tablets,Diabetes care,TRUE,,
623,Pioz 30 Tablet,USV,Pioglitazone,30mg,Tablet,10 tablets,Diabetes care,TRUE,,
624,Pioz-MF 15 Tablet,USV,Pioglitazone + Metformin,15mg/500mg,Tablet,15 tablets,Diabetes care,TRUE,,
625,Eurepa 1 Tablet,Torrent,Repaglinide,1mg,Tablet,30 tablets,Diabetes care,TRUE,,
626,Eurepa 2 Tablet,Torrent,Repaglinide,2mg,Tablet,30 tablets,Diabetes care,TRUE,,
627,Volibo 0.2 Tablet,Sun,Voglibose,0.2mg,Tablet,15 tablets,Diabetes care,TRUE,,
628,Volibo 0.3 Tablet,Sun,Voglibose,0.3mg,Tablet,15 tablets,Diabetes care,TRUE,,
629,Volibo-M 0.2 Tablet,Sun,Voglibose + Metformin,0.2mg/500mg,Tablet,15 tablets,Diabetes care,TRUE,,
630,Glucobay 25 Tablet,Bayer,Acarbose,25mg,Tablet,30 tablets,Diabetes care,TRUE,,
631,Glucobay 50 Tablet,Bayer,Acarbose,50mg,Tablet,30 tablets,Diabetes care,TRUE,,
632,Januvia 50 Tablet,MSD,Sitagliptin,50mg,Tablet,28 tablets,Diabetes care,TRUE,,
633,Januvia 100 Tablet,MSD,Sitagliptin,100mg,Tablet,28 tablets,Diabetes care,TRUE,,
634,Janumet 50/500 Tablet,MSD,Sitagliptin + Metformin,50mg/500mg,Tablet,28 tablets,Diabetes care,TRUE,,
635,Janumet 50/1000 Tablet,MSD,Sitagliptin + Metformin,50mg/1000mg,Tablet,28 tablets,Diabetes care,TRUE,,
636,Istavel 100 Tablet,Sun,Sitagliptin,100mg,Tablet,14 tablets,Diabetes care,TRUE,,
637,Istamet 50/500 Tablet,Sun,Sitagliptin + Metformin,50mg/500mg,Tablet,15 tablets,Diabetes care,TRUE,,
638,Galvus 50 Tablet,Novartis,Vildagliptin,50mg,Tablet,28 tablets,Diabetes care,TRUE,,
639,Galvus Met 50/500 Tablet,Novartis,Vildagliptin + Metformin,50mg/500mg,Tablet,30 tablets,Diabetes care,TRUE,,
640,Galvus Met 50/1000 Tablet,Novartis,Vildagliptin + Metformin,50mg/1000mg,Tablet,30 tablets,Diabetes care,TRUE,,
641,Teniva 20 Tablet,Intas,Teneligliptin,20mg,Tablet,15 tablets,Diabetes care,TRUE,,
642,Trajenta 5 Tablet,Boehringer Ingelheim,Linagliptin,5mg,Tablet,30 tablets,Diabetes care,TRUE,,
643,Onglyza 5 Tablet,AstraZeneca,Saxagliptin,5mg,Tablet,28 tablets,Diabetes care,TRUE,,
644,Forxiga 5 Tablet,AstraZeneca,Dapagliflozin,5mg,Tablet,30 tablets,Diabetes care,TRUE,,
645,Forxiga 10 Tablet,AstraZeneca,Dapagliflozin,10mg,Tablet,30 tablets,Diabetes care,TRUE,,
646,Jardiance 10 Tablet,Boehringer Ingelheim,Empagliflozin,10mg,Tablet,30 tablets,Diabetes care,TRUE,,
647,Jardiance 25 Tablet,Boehringer Ingelheim,Empagliflozin,25mg,Tablet,30 tablets,Diabetes care,TRUE,,
648,Invokana 100 Tablet,Janssen,Canagliflozin,100mg,Tablet,30 tablets,Diabetes care,TRUE,,
649,Remo 100 Tablet,Glenmark,Remogliflozin,100mg,Tablet,15 tablets,Diabetes care,TRUE,,
650,Victoza 6mg/ml Injection,Novo Nordisk,Liraglutide,6mg/ml,Injection,3ml prefilled pen,Diabetes care,TRUE,,
651,Mixtard 30 HM 100IU/ml Injection,Novo Nordisk,Biphasic Isophane Insulin 30/70,100IU/ml,Injection,10ml vial,Diabetes care,TRUE,,
652,Actrapid HM 100IU/ml Injection,Novo Nordisk,Regular Human Insulin,100IU/ml,Injection,10ml vial,Diabetes care,TRUE,,
653,Insulatard HM 100IU/ml Injection,Novo Nordisk,Isophane Insulin (NPH),100IU/ml,Injection,10ml vial,Diabetes care,TRUE,,
654,Wosulin 30/70 100IU/ml Injection,Wockhardt,Biphasic Isophane Insulin 30/70,100IU/ml,Injection,10ml vial,Diabetes care,TRUE,,
655,Insugen-R 100IU/ml Injection,Biocon,Regular Human Insulin,100IU/ml,Injection,10ml vial,Diabetes care,TRUE,,
656,Insugen 30/70 100IU/ml Injection,Biocon,Biphasic Isophane Insulin 30/70,100IU/ml,Injection,10ml vial,Diabetes care,TRUE,,
657,Huminsulin 30/70 100IU/ml Injection,Lilly,Biphasic Isophane Insulin 30/70,100IU/ml,Injection,10ml vial,Diabetes care,TRUE,,
658,Humalog 100IU/ml Injection,Lilly,Insulin Lispro,100IU/ml,Injection,10ml vial,Diabetes care,TRUE,,
659,Novorapid 100IU/ml FlexPen,Novo Nordisk,Insulin Aspart,100IU/ml,Injection,3ml FlexPen,Diabetes care,TRUE,,
660,Novomix 30 100IU/ml FlexPen,Novo Nordisk,Biphasic Insulin Aspart 30/70,100IU/ml,Injection,3ml FlexPen,Diabetes care,TRUE,,
661,Apidra 100IU/ml SoloSTAR,Sanofi,Insulin Glulisine,100IU/ml,Injection,3ml SoloSTAR pen,Diabetes care,TRUE,,
662,Basalog 100IU/ml Injection,Biocon,Insulin Glargine,100IU/ml,Injection,3ml cartridge,Diabetes care,TRUE,,
663,Glaritus 100IU/ml Injection,Wockhardt,Insulin Glargine,100IU/ml,Injection,3ml cartridge,Diabetes care,TRUE,,
664,Lantus 100IU/ml SoloSTAR,Sanofi,Insulin Glargine,100IU/ml,Injection,3ml SoloSTAR pen,Diabetes care,TRUE,,
665,Levemir 100IU/ml FlexPen,Novo Nordisk,Insulin Detemir,100IU/ml,Injection,3ml FlexPen,Diabetes care,TRUE,,
666,Tresiba 100IU/ml FlexTouch,Novo Nordisk,Insulin Degludec,100IU/ml,Injection,3ml FlexTouch pen,Diabetes care,TRUE,,
667,Thyrox 25 Tablet,Macleods,Levothyroxine,25mcg,Tablet,100 tablets,Thyroid & hormonal,TRUE,,
668,Thyrox 50 Tablet,Macleods,Levothyroxine,50mcg,Tablet,100 tablets,Thyroid & hormonal,TRUE,,
669,Thyrox 75 Tablet,Macleods,Levothyroxine,75mcg,Tablet,100 tablets,Thyroid & hormonal,TRUE,,
670,Thyrox 100 Tablet,Macleods,Levothyroxine,100mcg,Tablet,100 tablets,Thyroid & hormonal,TRUE,,
671,Eltroxin 25 Tablet,GSK,Levothyroxine,25mcg,Tablet,100 tablets,Thyroid & hormonal,TRUE,,
672,Eltroxin 50 Tablet,GSK,Levothyroxine,50mcg,Tablet,100 tablets,Thyroid & hormonal,TRUE,,
673,Eltroxin 100 Tablet,GSK,Levothyroxine,100mcg,Tablet,100 tablets,Thyroid & hormonal,TRUE,,
674,Thyronorm 25 Tablet,Abbott,Levothyroxine,25mcg,Tablet,120 tablets,Thyroid & hormonal,TRUE,,
675,Thyronorm 50 Tablet,Abbott,Levothyroxine,50mcg,Tablet,120 tablets,Thyroid & hormonal,TRUE,,
676,Thyronorm 75 Tablet,Abbott,Levothyroxine,75mcg,Tablet,120 tablets,Thyroid & hormonal,TRUE,,
677,Thyronorm 100 Tablet,Abbott,Levothyroxine,100mcg,Tablet,120 tablets,Thyroid & hormonal,TRUE,,
678,Neo-Mercazole 5 Tablet,Abbott,Carbimazole,5mg,Tablet,100 tablets,Thyroid & hormonal,TRUE,,
679,Mala-D Tablet,HLL Lifecare,Levonorgestrel + Ethinyl Estradiol,0.15mg/0.03mg,Tablet,28 tablets,Thyroid & hormonal,TRUE,,
680,Femilon Tablet,MSD,Desogestrel + Ethinyl Estradiol,0.15mg/0.02mg,Tablet,21 tablets,Thyroid & hormonal,TRUE,,
681,Novelon Tablet,MSD,Desogestrel + Ethinyl Estradiol,0.15mg/0.03mg,Tablet,21 tablets,Thyroid & hormonal,TRUE,,
682,Yasmin Tablet,Bayer,Drospirenone + Ethinyl Estradiol,3mg/0.03mg,Tablet,21 tablets,Thyroid & hormonal,TRUE,,
683,Yaz Tablet,Bayer,Drospirenone + Ethinyl Estradiol,3mg/0.02mg,Tablet,28 tablets,Thyroid & hormonal,TRUE,,
684,Diane-35 Tablet,Bayer,Cyproterone + Ethinyl Estradiol,2mg/0.035mg,Tablet,21 tablets,Thyroid & hormonal,TRUE,,
685,Krimson 35 Tablet,Sun,Cyproterone + Ethinyl Estradiol,2mg/0.035mg,Tablet,21 tablets,Thyroid & hormonal,TRUE,,
686,Triquilar Tablet,Bayer,Levonorgestrel + Ethinyl Estradiol Triphasic,Triphasic,Tablet,21 tablets,Thyroid & hormonal,TRUE,,
687,Ovral-L Tablet,Pfizer,Levonorgestrel + Ethinyl Estradiol,0.25mg/0.05mg,Tablet,21 tablets,Thyroid & hormonal,TRUE,,
688,i-Pill Tablet,Piramal,Levonorgestrel,1.5mg,Tablet,1 tablet,Thyroid & hormonal,FALSE,,
689,Unwanted 72 Tablet,Mankind,Levonorgestrel,1.5mg,Tablet,1 tablet,Thyroid & hormonal,FALSE,,
690,Premarin 0.625 Tablet,Pfizer,Conjugated Estrogens,0.625mg,Tablet,28 tablets,Thyroid & hormonal,TRUE,,
691,Progynova 2 Tablet,Bayer,Estradiol Valerate,2mg,Tablet,28 tablets,Thyroid & hormonal,TRUE,,
692,Testoviron Depot 250mg Injection,Zydus,Testosterone Enanthate,250mg/ml,Injection,1ml ampoule,Thyroid & hormonal,TRUE,,
693,Aldactone 25 Tablet,RPG Life Sciences,Spironolactone,25mg,Tablet,15 tablets,Thyroid & hormonal,TRUE,,
694,Wysolone 5 Tablet,Pfizer,Prednisolone,5mg,Tablet,15 tablets,Thyroid & hormonal,TRUE,,
695,Wysolone 10 Tablet,Pfizer,Prednisolone,10mg,Tablet,15 tablets,Thyroid & hormonal,TRUE,,
696,Wysolone 20 Tablet,Pfizer,Prednisolone,20mg,Tablet,15 tablets,Thyroid & hormonal,TRUE,,
697,Omnacortil 10 Tablet,Macleods,Prednisolone,10mg,Tablet,15 tablets,Thyroid & hormonal,TRUE,,
698,Medrol 4 Tablet,Pfizer,Methylprednisolone,4mg,Tablet,10 tablets,Thyroid & hormonal,TRUE,,
699,Solu-Medrol 500mg Injection,Pfizer,Methylprednisolone Sodium Succinate,500mg,Injection,1 vial,Thyroid & hormonal,TRUE,,
700,Dexona 0.5 Tablet,Zydus,Dexamethasone,0.5mg,Tablet,20 tablets,Thyroid & hormonal,TRUE,,
701,Dexona 4mg Injection,Zydus,Dexamethasone Sodium Phosphate,4mg/ml,Injection,2ml vial,Thyroid & hormonal,TRUE,,
702,Betnesol 0.5 Tablet,GSK,Betamethasone,0.5mg,Tablet,30 tablets,Thyroid & hormonal,TRUE,,
703,Defcort 6 Tablet,Macleods,Deflazacort,6mg,Tablet,10 tablets,Thyroid & hormonal,TRUE,,
704,Hydrocort 100mg Injection,Abbott,Hydrocortisone Sodium Succinate,100mg,Injection,1 vial,Thyroid & hormonal,TRUE,,
705,Livial 2.5 Tablet,MSD,Tibolone,2.5mg,Tablet,28 tablets,Thyroid & hormonal,TRUE,,
706,Becosules Capsule,Pfizer,B-Complex Vitamins + Vitamin C,B-Complex+C,Capsule,20 capsules,Vitamins & supplements,FALSE,,
707,Becosules Z Capsule,Pfizer,B-Complex Vitamins + Vitamin C + Zinc,B-Complex+C+Zn,Capsule,20 capsules,Vitamins & supplements,FALSE,,
708,Becosules Syrup,Pfizer,B-Complex Vitamins + Vitamin C,B-Complex+C,Syrup,100ml,Vitamins & supplements,FALSE,,
709,Becadexamin Capsule,Haleon,B-Complex Vitamins + Vitamin C,B-Complex+C,Capsule,30 capsules,Vitamins & supplements,FALSE,,
710,Supradyn Tablet,Bayer,Multivitamins + Multiminerals,Multivitamin,Tablet,15 tablets,Vitamins & supplements,FALSE,,
711,Centrum Tablet,Haleon,Multivitamins + Multiminerals,Multivitamin,Tablet,30 tablets,Vitamins & supplements,FALSE,,
712,Revital H Capsule,Sun,Multivitamins + Ginseng,Multivitamin+Ginseng,Capsule,30 capsules,Vitamins & supplements,FALSE,,
713,Zincovit Tablet,Apex,Multivitamins + Zinc,Multivitamin+Zn,Tablet,15 tablets,Vitamins & supplements,FALSE,,
714,Zincovit Syrup,Apex,Multivitamins + Zinc,Multivitamin+Zn,Syrup,150ml,Vitamins & supplements,FALSE,,
715,Limcee 500 Tablet,Abbott,Ascorbic Acid (Vitamin C),500mg,Tablet,15 tablets,Vitamins & supplements,FALSE,,
716,Celin 500 Tablet,Haleon,Ascorbic Acid (Vitamin C),500mg,Tablet,25 tablets,Vitamins & supplements,FALSE,,
717,Celin 500 Chewable Tablet,Haleon,Ascorbic Acid (Vitamin C),500mg,Tablet,25 tablets,Vitamins & supplements,FALSE,,
718,Redoxon 1g Effervescent Tablet,Bayer,Ascorbic Acid (Vitamin C),1000mg,Tablet,15 tablets,Vitamins & supplements,FALSE,,
719,Shelcal 500 Tablet,Torrent,Calcium + Vitamin D3,500mg/250IU,Tablet,15 tablets,Vitamins & supplements,FALSE,,
720,Cipcal 500 Tablet,Cipla,Calcium Carbonate + Vitamin D3,1250mg/250IU,Tablet,15 tablets,Vitamins & supplements,FALSE,,
721,Ostocalcium Syrup,Haleon,Calcium + Vitamin D3 + Vitamin B12,Calcium+D3+B12,Syrup,200ml,Vitamins & supplements,FALSE,,
722,Calcirol Sachet,Cipla,Cholecalciferol (Vitamin D3),60000IU,Sachet,1 sachet,Vitamins & supplements,FALSE,,
723,Tayo 60K Chewable Tablet,Torrent,Cholecalciferol (Vitamin D3),60000IU,Tablet,4 tablets,Vitamins & supplements,FALSE,,
724,Uprise-D3 60K Capsule,Alkem,Cholecalciferol (Vitamin D3),60000IU,Capsule,4 capsules,Vitamins & supplements,FALSE,,
725,Evion 400 Capsule,Merck,Tocopherol (Vitamin E),400mg,Capsule,20 capsules,Vitamins & supplements,FALSE,,
726,Folvite 5 Tablet,Pfizer,Folic Acid,5mg,Tablet,30 tablets,Vitamins & supplements,FALSE,,
727,Neurobion Forte Tablet,Merck,Thiamine + Pyridoxine + Cyanocobalamin,100mg/100mg/100mcg,Tablet,30 tablets,Vitamins & supplements,FALSE,,
728,Neurobion Forte Injection,Merck,Thiamine + Pyridoxine + Cyanocobalamin,100mg/100mg/100mcg,Injection,3 ampoules,Vitamins & supplements,TRUE,,
729,Polybion Syrup,Merck,B-Complex Vitamins,B-Complex,Syrup,100ml,Vitamins & supplements,FALSE,,
730,Benalgis 100 Tablet,Franco-Indian,Thiamine (Vitamin B1),100mg,Tablet,30 tablets,Vitamins & supplements,FALSE,,
731,Nurokind 1500mcg Tablet,Mankind,Methylcobalamin,1500mcg,Tablet,30 tablets,Vitamins & supplements,FALSE,,
732,Orofer XT Tablet,Emcure,Ferrous Ascorbate + Folic Acid,100mg/1.5mg,Tablet,15 tablets,Vitamins & supplements,FALSE,,
733,Autrin Capsule,Pfizer,Iron + Folic Acid + Vitamin B12 + Vitamin C,Iron+B+C,Capsule,30 capsules,Vitamins & supplements,FALSE,,
734,Dexorange Syrup,Franco-Indian,Ferric Ammonium Citrate + Cyanocobalamin + Folic Acid,160mg/5ml,Syrup,200ml,Vitamins & supplements,FALSE,,
735,Tonoferon Syrup,East India,Ferric Ammonium Citrate,160mg/5ml,Syrup,200ml,Vitamins & supplements,FALSE,,
736,Tonoferon Drops,East India,Ferric Ammonium Citrate,160mg/5ml,Drops,15ml,Vitamins & supplements,FALSE,,
737,Haem-Up Syrup,Cadila,Ferric Ammonium Citrate + Folic Acid + Cyanocobalamin,Iron+B12+Folate,Syrup,150ml,Vitamins & supplements,FALSE,,
738,Ensure Powder (Vanilla),Abbott,Complete Balanced Nutrition,Complete Nutrition,Powder,400g,Vitamins & supplements,FALSE,,
739,PediaSure Powder (Chocolate),Abbott,Complete Balanced Nutrition (Kids),Kids Nutrition,Powder,400g,Vitamins & supplements,FALSE,,
740,Protinex Powder (Original),Danone,Protein Supplement,High Protein,Powder,400g,Vitamins & supplements,FALSE,,
741,Seacod Capsule,Sanofi,Cod Liver Oil with Omega-3 + Vitamins A & D,Omega-3,Capsule,110 capsules,Vitamins & supplements,FALSE,,
742,Evecare Syrup,Himalaya,Ashoka + Shatavari + Lodhra (Ayurvedic),Herbal Blend,Syrup,200ml,Vitamins & supplements,FALSE,,
743,Ashvagandha Tablet,Himalaya,Withania Somnifera,250mg,Tablet,60 tablets,Vitamins & supplements,FALSE,,
744,Septilin Tablet,Himalaya,Guduchi + Manjishtha (Ayurvedic),Herbal Blend,Tablet,60 tablets,Vitamins & supplements,FALSE,,
745,GRD Protein Powder (Chocolate),Zydus,Protein + Vitamins + Minerals,High Protein,Powder,400g,Vitamins & supplements,FALSE,,
746,Telma 40,Glenmark,Telmisartan,40mg,Tablet,30 tablets,Cardiac Care,TRUE,,
747,Telma 20,Glenmark,Telmisartan,20mg,Tablet,30 tablets,Cardiac Care,TRUE,,
748,Telma 80,Glenmark,Telmisartan,80mg,Tablet,30 tablets,Cardiac Care,TRUE,,
749,Telma H,Glenmark,Telmisartan + Hydrochlorothiazide,40mg + 12.5mg,Tablet,30 tablets,Cardiac Care,TRUE,,
750,Telma AM,Glenmark,Telmisartan + Amlodipine,40mg + 5mg,Tablet,30 tablets,Cardiac Care,TRUE,,
751,Telmikind 40,Mankind,Telmisartan,40mg,Tablet,30 tablets,Cardiac Care,TRUE,,
752,Telmikind H,Mankind,Telmisartan + Hydrochlorothiazide,40mg + 12.5mg,Tablet,30 tablets,Cardiac Care,TRUE,,
753,Cresar 40,Cipla,Telmisartan,40mg,Tablet,30 tablets,Cardiac Care,TRUE,,
754,Cresar AM,Cipla,Telmisartan + Amlodipine,40mg + 5mg,Tablet,30 tablets,Cardiac Care,TRUE,,
755,Sartel 40,Intas,Telmisartan,40mg,Tablet,30 tablets,Cardiac Care,TRUE,,
756,Sartel H,Intas,Telmisartan + Hydrochlorothiazide,40mg + 12.5mg,Tablet,30 tablets,Cardiac Care,TRUE,,
757,Sartel AM,Intas,Telmisartan + Amlodipine,40mg + 5mg,Tablet,30 tablets,Cardiac Care,TRUE,,
758,Olmezest 20,Sun,Olmesartan,20mg,Tablet,30 tablets,Cardiac Care,TRUE,,
759,Olmezest 40,Sun,Olmesartan,40mg,Tablet,30 tablets,Cardiac Care,TRUE,,
760,Losar 50,Torrent,Losartan,50mg,Tablet,30 tablets,Cardiac Care,TRUE,,
761,Losar H,Torrent,Losartan + Hydrochlorothiazide,50mg + 12.5mg,Tablet,30 tablets,Cardiac Care,TRUE,,
762,Envas 5,Cadila,Enalapril,5mg,Tablet,30 tablets,Cardiac Care,TRUE,,
763,Envas 10,Cadila,Enalapril,10mg,Tablet,30 tablets,Cardiac Care,TRUE,,
764,Ramipres 2.5,Cipla,Ramipril,2.5mg,Tablet,30 tablets,Cardiac Care,TRUE,,
765,Ramipres 5,Cipla,Ramipril,5mg,Tablet,30 tablets,Cardiac Care,TRUE,,
766,Amlong 5,Micro,Amlodipine,5mg,Tablet,30 tablets,Cardiac Care,TRUE,,
767,Amlong A,Micro,Amlodipine + Atenolol,5mg + 50mg,Tablet,30 tablets,Cardiac Care,TRUE,,
768,Amlokind 5,Mankind,Amlodipine,5mg,Tablet,30 tablets,Cardiac Care,TRUE,,
769,Stamlo 5,Dr Reddy's,Amlodipine,5mg,Tablet,30 tablets,Cardiac Care,TRUE,,
770,Stamlo Beta,Dr Reddy's,Amlodipine + Metoprolol,5mg + 50mg,Tablet,30 tablets,Cardiac Care,TRUE,,
771,Amlip 5,Cipla,Amlodipine,5mg,Tablet,30 tablets,Cardiac Care,TRUE,,
772,Amlip AT,Cipla,Amlodipine + Atenolol,5mg + 50mg,Tablet,30 tablets,Cardiac Care,TRUE,,
773,Cilacar 10,J B Chemicals,Cilnidipine,10mg,Tablet,30 tablets,Cardiac Care,TRUE,,
774,Dilzem 30,Torrent,Diltiazem,30mg,Tablet,30 tablets,Cardiac Care,TRUE,,
775,Dilzem CD 90,Torrent,Diltiazem,90mg,Capsule,30 capsules,Cardiac Care,TRUE,,
776,Calaptin 40,Abbott,Verapamil,40mg,Tablet,30 tablets,Cardiac Care,TRUE,,
777,Metolar 25,Cipla,Metoprolol,25mg,Tablet,30 tablets,Cardiac Care,TRUE,,
778,Metolar XR 50,Cipla,Metoprolol,50mg,Tablet,30 tablets,Cardiac Care,TRUE,,
779,Met XL 25,Ajanta,Metoprolol,25mg,Tablet,30 tablets,Cardiac Care,TRUE,,
780,Met XL 50,Ajanta,Metoprolol,50mg,Tablet,30 tablets,Cardiac Care,TRUE,,
781,Aten 50,Zydus,Atenolol,50mg,Tablet,30 tablets,Cardiac Care,TRUE,,
782,Ciplar 10,Cipla,Propranolol,10mg,Tablet,30 tablets,Cardiac Care,TRUE,,
783,Ciplar LA 20,Cipla,Propranolol,20mg,Capsule,30 capsules,Cardiac Care,TRUE,,
784,Carloc 3.125,Cipla,Carvedilol,3.125mg,Tablet,30 tablets,Cardiac Care,TRUE,,
785,Carloc 6.25,Cipla,Carvedilol,6.25mg,Tablet,30 tablets,Cardiac Care,TRUE,,
786,Concor 2.5,Merck,Bisoprolol,2.5mg,Tablet,30 tablets,Cardiac Care,TRUE,,
787,Concor 5,Merck,Bisoprolol,5mg,Tablet,30 tablets,Cardiac Care,TRUE,,
788,Nebicard 2.5,Torrent,Nebivolol,2.5mg,Tablet,30 tablets,Cardiac Care,TRUE,,
789,Nebicard 5,Torrent,Nebivolol,5mg,Tablet,30 tablets,Cardiac Care,TRUE,,
790,Lasix 40,Sanofi,Furosemide,40mg,Tablet,30 tablets,Cardiac Care,TRUE,,
791,Tide 10,Cipla,Torsemide,10mg,Tablet,30 tablets,Cardiac Care,TRUE,,
792,Tide 20,Cipla,Torsemide,20mg,Tablet,30 tablets,Cardiac Care,TRUE,,
793,Dytor 10,Torrent,Torsemide,10mg,Tablet,30 tablets,Cardiac Care,TRUE,,
794,Dytor Plus 10,Torrent,Torsemide + Spironolactone,10mg + 50mg,Tablet,30 tablets,Cardiac Care,TRUE,,
795,Aldactone 25,RPG,Spironolactone,25mg,Tablet,30 tablets,Cardiac Care,TRUE,,
796,Aldactone 50,RPG,Spironolactone,50mg,Tablet,30 tablets,Cardiac Care,TRUE,,
797,Arkamin 100,Unichem,Clonidine,100mcg,Tablet,30 tablets,Cardiac Care,TRUE,,
798,Prazopress 1,Sun,Prazosin,1mg,Tablet,30 tablets,Cardiac Care,TRUE,,
799,Prazopress 2,Sun,Prazosin,2mg,Tablet,30 tablets,Cardiac Care,TRUE,,
800,Doxacard 2,Cipla,Doxazosin,2mg,Tablet,30 tablets,Cardiac Care,TRUE,,
801,Calcigard Retard 20,Torrent,Nifedipine,20mg,Tablet,30 tablets,Cardiac Care,TRUE,,
802,Nicardia Retard 20,J B Chemicals,Nifedipine,20mg,Capsule,30 capsules,Cardiac Care,TRUE,,
803,Cordarone 100,Sanofi,Amiodarone,100mg,Tablet,30 tablets,Cardiac Care,TRUE,,
804,Cordarone 200,Sanofi,Amiodarone,200mg,Tablet,30 tablets,Cardiac Care,TRUE,,
805,Ivabrad 5,Lupin,Ivabradine,5mg,Tablet,30 tablets,Cardiac Care,TRUE,,
806,Ivabrad 7.5,Lupin,Ivabradine,7.5mg,Tablet,30 tablets,Cardiac Care,TRUE,,
807,Azmarda 50,Novartis,Sacubitril + Valsartan,24mg + 26mg,Tablet,30 tablets,Cardiac Care,TRUE,,
808,Azmarda 100,Novartis,Sacubitril + Valsartan,49mg + 51mg,Tablet,30 tablets,Cardiac Care,TRUE,,
809,Ecosprin 150,USV,Aspirin,150mg,Tablet,30 tablets,Cardiac Care,TRUE,,
810,Ecosprin Gold 10,USV,Aspirin + Atorvastatin + Clopidogrel,75mg + 10mg + 75mg,Capsule,30 capsules,Cardiac Care,TRUE,,
811,Clopitab 75,Lupin,Clopidogrel,75mg,Tablet,30 tablets,Cardiac Care,TRUE,,
812,Clopitab A 75,Lupin,Clopidogrel + Aspirin,75mg + 75mg,Tablet,30 tablets,Cardiac Care,TRUE,,
813,Clopilet 75,Sun,Clopidogrel,75mg,Tablet,30 tablets,Cardiac Care,TRUE,,
814,Clopilet A 75,Sun,Clopidogrel + Aspirin,75mg + 75mg,Tablet,30 tablets,Cardiac Care,TRUE,,
815,Deplatt 75,Torrent,Clopidogrel,75mg,Tablet,30 tablets,Cardiac Care,TRUE,,
816,Deplatt A 75,Torrent,Clopidogrel + Aspirin,75mg + 75mg,Tablet,30 tablets,Cardiac Care,TRUE,,
817,Brilinta 90,AstraZeneca,Ticagrelor,90mg,Tablet,60 tablets,Cardiac Care,TRUE,,
818,Rosuvas 5,Sun,Rosuvastatin,5mg,Tablet,30 tablets,Cardiac Care,TRUE,,
819,Rosuvas 10,Sun,Rosuvastatin,10mg,Tablet,30 tablets,Cardiac Care,TRUE,,
820,Rosuvas 20,Sun,Rosuvastatin,20mg,Tablet,30 tablets,Cardiac Care,TRUE,,
821,Roseday 10,USV,Rosuvastatin,10mg,Tablet,30 tablets,Cardiac Care,TRUE,,
822,Roseday 20,USV,Rosuvastatin,20mg,Tablet,30 tablets,Cardiac Care,TRUE,,
823,Aztor 10,Sun,Atorvastatin,10mg,Tablet,30 tablets,Cardiac Care,TRUE,,
824,Aztor 20,Sun,Atorvastatin,20mg,Tablet,30 tablets,Cardiac Care,TRUE,,
825,Aztor 40,Sun,Atorvastatin,40mg,Tablet,30 tablets,Cardiac Care,TRUE,,
826,Atorlip 10,Cipla,Atorvastatin,10mg,Tablet,30 tablets,Cardiac Care,TRUE,,
827,Atorlip 20,Cipla,Atorvastatin,20mg,Tablet,30 tablets,Cardiac Care,TRUE,,
828,Lipitor 10,Pfizer,Atorvastatin,10mg,Tablet,30 tablets,Cardiac Care,TRUE,,
829,Lipitor 20,Pfizer,Atorvastatin,20mg,Tablet,30 tablets,Cardiac Care,TRUE,,
830,Stator 20,Abbott,Atorvastatin,20mg,Tablet,30 tablets,Cardiac Care,TRUE,,
831,Lipaglyn 4,Zydus,Saroglitazar,4mg,Tablet,30 tablets,Cardiac Care,TRUE,,
832,Nikoran 5,Torrent,Nicorandil,5mg,Tablet,30 tablets,Cardiac Care,TRUE,,
833,Nikoran 10,Torrent,Nicorandil,10mg,Tablet,30 tablets,Cardiac Care,TRUE,,
834,Sorbitrate 5,Abbott,Isosorbide Dinitrate,5mg,Tablet,50 tablets,Cardiac Care,TRUE,,
835,Sorbitrate 10,Abbott,Isosorbide Dinitrate,10mg,Tablet,50 tablets,Cardiac Care,TRUE,,
836,Acitrom 2,Abbott,Acenocoumarol,2mg,Tablet,30 tablets,Cardiac Care,TRUE,,
837,Acitrom 4,Abbott,Acenocoumarol,4mg,Tablet,30 tablets,Cardiac Care,TRUE,,
838,Pradaxa 110,Boehringer Ingelheim,Dabigatran,110mg,Capsule,30 capsules,Cardiac Care,TRUE,,
839,Pradaxa 150,Boehringer Ingelheim,Dabigatran,150mg,Capsule,30 capsules,Cardiac Care,TRUE,,
840,Xarelto 10,Bayer,Rivaroxaban,10mg,Tablet,30 tablets,Cardiac Care,TRUE,,
841,Xarelto 20,Bayer,Rivaroxaban,20mg,Tablet,30 tablets,Cardiac Care,TRUE,,
842,Eliquis 2.5,Pfizer,Apixaban,2.5mg,Tablet,60 tablets,Cardiac Care,TRUE,,
843,Eliquis 5,Pfizer,Apixaban,5mg,Tablet,60 tablets,Cardiac Care,TRUE,,
844,Clexane 40,Sanofi,Enoxaparin,40mg,Injection,1 prefilled syringe,Cardiac Care,TRUE,,
845,Clexane 60,Sanofi,Enoxaparin,60mg,Injection,1 prefilled syringe,Cardiac Care,TRUE,,
846,Natrilix SR 1.5,Serdia,Indapamide,1.5mg,Tablet,30 tablets,Cardiac Care,TRUE,,
847,Multaq 400,Sanofi,Dronedarone,400mg,Tablet,60 tablets,Cardiac Care,TRUE,,
848,Lanoxin 0.25,GSK,Digoxin,0.25mg,Tablet,30 tablets,Cardiac Care,TRUE,,
849,Valzaar 40,Torrent,Valsartan,40mg,Tablet,30 tablets,Cardiac Care,TRUE,,
850,Valzaar 80,Torrent,Valsartan,80mg,Tablet,30 tablets,Cardiac Care,TRUE,,
851,Irovel 150,Sun,Irbesartan,150mg,Tablet,30 tablets,Cardiac Care,TRUE,,
852,Irovel 300,Sun,Irbesartan,300mg,Tablet,30 tablets,Cardiac Care,TRUE,,
853,Betaloc 50,AstraZeneca,Metoprolol,50mg,Tablet,30 tablets,Cardiac Care,TRUE,,
854,Supradyn,Bayer,Multivitamin + Multimineral,-,Tablet,30 tablets,Vitamins & supplements,FALSE,,
855,Supradyn Daily,Bayer,Multivitamin + Multimineral,-,Tablet,30 tablets,Vitamins & supplements,FALSE,,
856,Revital H,Sun,Multivitamin + Multimineral + Ginseng,-,Capsule,30 capsules,Vitamins & supplements,FALSE,,
857,Revital Woman,Sun,Multivitamin + Multimineral,-,Tablet,30 tablets,Vitamins & supplements,FALSE,,
858,Zincovit,Apex,Multivitamin + Multimineral + Zinc,-,Tablet,30 tablets,Vitamins & supplements,FALSE,,
859,Zincovit Syrup,Apex,Multivitamin + Multimineral + Zinc,-,Syrup,200ml,Vitamins & supplements,FALSE,,
860,Becosules,Pfizer,B-Complex + Vitamin C,-,Capsule,20 capsules,Vitamins & supplements,FALSE,,
861,Becosules Z,Pfizer,B-Complex + Vitamin C + Zinc,-,Capsule,20 capsules,Vitamins & supplements,FALSE,,
862,Neurobion Forte,P&G Health,Vitamin B1 + B6 + B12,100mg + 100mg + 100mcg,Tablet,30 tablets,Vitamins & supplements,FALSE,,
863,Neurobion Forte Injection,P&G Health,Vitamin B1 + B6 + B12,100mg + 100mg + 100mcg,Injection,5 ampoules,Vitamins & supplements,FALSE,,
864,Limcee 500,Abbott,Vitamin C,500mg,Tablet,30 tablets,Vitamins & supplements,FALSE,,
865,Celin 500,GSK,Vitamin C,500mg,Tablet,25 tablets,Vitamins & supplements,FALSE,,
866,Shelcal 500,Torrent,Calcium + Vitamin D3,500mg + 250 IU,Tablet,30 tablets,Vitamins & supplements,FALSE,,
867,Shelcal XT,Torrent,Calcium + Vitamin D3,500mg + 250 IU,Tablet,30 tablets,Vitamins & supplements,FALSE,,
868,Shelcal HD,Torrent,Calcium + Vitamin D3,500mg + 250 IU,Tablet,30 tablets,Vitamins & supplements,FALSE,,
869,CIPCAL 500,Cipla,Calcium,500mg,Tablet,30 tablets,Vitamins & supplements,FALSE,,
870,Ostocalcium,GSK,Calcium + Vitamin D3,500mg + 250 IU,Syrup,200ml,Vitamins & supplements,FALSE,,
871,Ostocalcium B12,GSK,Calcium + Vitamin D3 + Vitamin B12,-,Syrup,200ml,Vitamins & supplements,FALSE,,
872,Uprise D3 60K,Alkem,Vitamin D3,60000 IU,Capsule,8 capsules,Vitamins & supplements,FALSE,,
873,D3 Must 60K,Mankind,Vitamin D3,60000 IU,Capsule,8 capsules,Vitamins & supplements,FALSE,,
874,Tayo 60K,Torrent,Vitamin D3,60000 IU,Capsule,8 capsules,Vitamins & supplements,FALSE,,
875,D-Rise 60K,USV,Vitamin D3,60000 IU,Capsule,8 capsules,Vitamins & supplements,FALSE,,
876,Gemcal,Alkem,Calcium + Vitamin D3,500mg + 250 IU,Capsule,30 capsules,Vitamins & supplements,FALSE,,
877,Orofer XT,Emcure,Ferrous Ascorbate + Folic Acid,100mg + 1.5mg,Tablet,30 tablets,Vitamins & supplements,FALSE,,
878,Orofer XT Syrup,Emcure,Ferrous Ascorbate + Folic Acid,30mg/5ml + 550mcg/5ml,Syrup,200ml,Vitamins & supplements,FALSE,,
879,Fefol,GSK,Ferrous Sulphate + Folic Acid,150mg + 0.5mg,Capsule,30 capsules,Vitamins & supplements,FALSE,,
880,Dexorange,Franco-Indian,Ferric Ammonium Citrate + Vitamin B12 + Folic Acid,-,Syrup,200ml,Vitamins & supplements,FALSE,,
881,Autrin,Pfizer,Ferrous Fumarate + Folic Acid,300mg + 1.5mg,Capsule,30 capsules,Vitamins & supplements,FALSE,,
882,Tonoferon,East India,Ferrous Gluconate + Vitamin B12 + Folic Acid,-,Syrup,200ml,Vitamins & supplements,FALSE,,
883,Tonoferon Drops,East India,Ferrous Gluconate + Vitamin B12 + Folic Acid,-,Drops,30ml,Vitamins & supplements,FALSE,,
884,Evion 200,Merck,Vitamin E,200mg,Capsule,30 capsules,Vitamins & supplements,FALSE,,
885,Evion 400,Merck,Vitamin E,400mg,Capsule,30 capsules,Vitamins & supplements,FALSE,,
886,Evion LC,Merck,Vitamin E + Vitamin C,-,Tablet,30 tablets,Vitamins & supplements,FALSE,,
887,Folvite 5,Pfizer,Folic Acid,5mg,Tablet,30 tablets,Vitamins & supplements,FALSE,,
888,Nurokind 500,Mankind,Methylcobalamin,500mcg,Tablet,30 tablets,Vitamins & supplements,FALSE,,
889,Nurokind Plus,Mankind,Methylcobalamin + Alpha Lipoic Acid,1500mcg + 100mg,Tablet,30 tablets,Vitamins & supplements,FALSE,,
890,Antoxid HC,Dr Reddy's,Antioxidants + Multivitamin,-,Capsule,30 capsules,Vitamins & supplements,FALSE,,
891,Optineuron,Lupin,Vitamin B1 + B6 + B12,100mg + 100mg + 100mcg,Injection,5 ampoules,Vitamins & supplements,FALSE,,
892,Renerve Plus,Intas,Methylcobalamin + Alpha Lipoic Acid,1500mcg + 100mg,Tablet,30 tablets,Vitamins & supplements,FALSE,,
893,Ensure,Abbott,Complete Balanced Nutrition,-,Powder,400g,Vitamins & supplements,FALSE,,
894,Protinex,Danone,Protein Supplement,-,Powder,400g,Vitamins & supplements,FALSE,,
895,Endura Mass,Cipla,Weight Gainer,-,Powder,500g,Vitamins & supplements,FALSE,,
896,Prohance,Sun,Protein Supplement,-,Powder,400g,Vitamins & supplements,FALSE,,
897,Hairbless,Mankind,Biotin + Multivitamin,-,Tablet,30 tablets,Vitamins & supplements,FALSE,,
898,Follihair,Abbott,Biotin + Multivitamin,-,Tablet,30 tablets,Vitamins & supplements,FALSE,,
899,A to Z NS,Alkem,Multivitamin + Multimineral,-,Syrup,200ml,Vitamins & supplements,FALSE,,
900,A to Z NS Tablet,Alkem,Multivitamin + Multimineral,-,Tablet,30 tablets,Vitamins & supplements,FALSE,,
901,Vi-Syneral,USV,Multivitamin,-,Syrup,100ml,Vitamins & supplements,FALSE,,
902,Abdec,Pfizer,Multivitamin,-,Drops,15ml,Vitamins & supplements,FALSE,,
903,Polybion,Merck,B-Complex Vitamins,-,Capsule,30 capsules,Vitamins & supplements,FALSE,,
904,Seven Seas,Merck,Cod Liver Oil + Multivitamin,-,Capsule,30 capsules,Vitamins & supplements,FALSE,,
905,Lactare,TTK,Galactagogue (Herbal),-,Capsule,30 capsules,Vitamins & supplements,FALSE,,
906,Shelcal Mom,Torrent,Calcium + Vitamin D3 + Multimineral,-,Tablet,30 tablets,Vitamins & supplements,FALSE,,
907,RB Tone,Mankind,Iron + B-Complex,-,Syrup,200ml,Vitamins & supplements,FALSE,,
908,Beplex Forte,Pfizer,B-Complex + Vitamin C,-,Tablet,30 tablets,Vitamins & supplements,FALSE,,
909,Cobadex CZS,Pfizer,B-Complex + Vitamin C + Zinc,-,Tablet,30 tablets,Vitamins & supplements,FALSE,,
910,Calcium Sandoz,Novartis,Calcium,500mg,Tablet,30 tablets,Vitamins & supplements,FALSE,,
911,Shelcal CT,Torrent,Calcitriol + Calcium Carbonate,0.25mcg + 500mg,Tablet,30 tablets,Vitamins & supplements,FALSE,,
912,Arovit,Bayer,Vitamin A,-,Drops,15ml,Vitamins & supplements,FALSE,,
913,Redoxon,Bayer,Vitamin C,1000mg,Tablet,20 tablets,Vitamins & supplements,FALSE,,
914,Asthalin Rotacaps,Cipla,Salbutamol,200mcg,Capsule,30 capsules,Respiratory Care,TRUE,,
915,Foracort 200 Inhaler,Cipla,Budesonide + Formoterol,200mcg + 6mcg,Inhaler,120 doses,Respiratory Care,TRUE,,
916,Foracort 400 Inhaler,Cipla,Budesonide + Formoterol,400mcg + 6mcg,Inhaler,120 doses,Respiratory Care,TRUE,,
917,Foracort 200 Rotacaps,Cipla,Budesonide + Formoterol,200mcg + 6mcg,Capsule,30 capsules,Respiratory Care,TRUE,,
918,Budecort 200 Inhaler,Cipla,Budesonide,200mcg,Inhaler,200 doses,Respiratory Care,TRUE,,
919,Seroflo 250 Inhaler,Cipla,Salmeterol + Fluticasone,25mcg + 250mcg,Inhaler,120 doses,Respiratory Care,TRUE,,
920,Seroflo 125 Inhaler,Cipla,Salmeterol + Fluticasone,25mcg + 125mcg,Inhaler,120 doses,Respiratory Care,TRUE,,
921,Duolin Inhaler,Cipla,Levosalbutamol + Ipratropium,50mcg + 20mcg,Inhaler,200 doses,Respiratory Care,TRUE,,
922,Duolin LD Respules,Cipla,Levosalbutamol + Ipratropium,1.25mg + 500mcg,Solution,5 respules,Respiratory Care,TRUE,,
923,Tiova Rotacap,Cipla,Tiotropium,18mcg,Capsule,30 capsules,Respiratory Care,TRUE,,
924,Spiriva,Boehringer Ingelheim,Tiotropium,18mcg,Capsule,30 capsules,Respiratory Care,TRUE,,
925,Montair 5,Cipla,Montelukast,5mg,Tablet,30 tablets,Respiratory Care,TRUE,,
926,Montek LC,Sun,Montelukast + Levocetirizine,10mg + 5mg,Tablet,30 tablets,Respiratory Care,TRUE,,
927,Ascoril,GSK,Bromhexine + Guaifenesin + Terbutaline,-,Syrup,100ml,Respiratory Care,FALSE,,
928,Ascoril LS,GSK,Ambroxol + Levosalbutamol + Guaifenesin,-,Syrup,100ml,Respiratory Care,FALSE,,
929,Benadryl,J&J,Dextromethorphan,12.5mg/5ml,Syrup,100ml,Respiratory Care,FALSE,,
930,TusQ DX,Blue Cross,Dextromethorphan + Chlorpheniramine,-,Syrup,100ml,Respiratory Care,FALSE,,
931,Chericof,Sun,Chlorpheniramine + Dextromethorphan,-,Syrup,100ml,Respiratory Care,FALSE,,
932,Grilinctus,Pfizer,Dextromethorphan + Chlorpheniramine,-,Syrup,100ml,Respiratory Care,FALSE,,
933,Alex,Glenmark,Dextromethorphan,10mg/5ml,Syrup,100ml,Respiratory Care,FALSE,,
934,Mucolite,Dr Reddy's,Ambroxol,30mg/5ml,Syrup,100ml,Respiratory Care,FALSE,,
935,Ambrodil,Aristo,Ambroxol,30mg/5ml,Syrup,100ml,Respiratory Care,FALSE,,
936,Mucinac 600,Cipla,Acetylcysteine,600mg,Tablet,30 tablets,Respiratory Care,TRUE,,
937,Deriphylline,Zydus,Theophylline + Etophylline,23mg + 77mg,Tablet,30 tablets,Respiratory Care,TRUE,,
938,Wysolone 10,Pfizer,Prednisolone,10mg,Tablet,30 tablets,Respiratory Care,TRUE,,
939,Flixonase,GSK,Fluticasone,50mcg,Spray,120 sprays,Respiratory Care,FALSE,,
940,Otrivin,Novartis,Xylometazoline,0.05%,Spray,10ml,Respiratory Care,FALSE,,
941,Ab Phylline,Sun,Acebrophylline,100mg,Capsule,30 capsules,Respiratory Care,TRUE,,
942,Tegretol 200,Novartis,Carbamazepine,200mg,Tablet,50 tablets,Neuro Care,TRUE,,
943,Encorate 300,Sun,Valproic Acid,300mg,Tablet,30 tablets,Neuro Care,TRUE,,
944,Eptoin 100,Pfizer,Phenytoin,100mg,Tablet,100 tablets,Neuro Care,TRUE,,
945,Encorate 200,Sun,Valproic Acid,200mg,Tablet,30 tablets,Neuro Care,TRUE,,
946,Encorate Chrono 300,Sun,Valproic Acid,300mg,Tablet,30 tablets,Neuro Care,TRUE,,
947,Encorate Chrono 500,Sun,Valproic Acid,500mg,Tablet,30 tablets,Neuro Care,TRUE,,
948,Keppra 500,GSK,Levetiracetam,500mg,Tablet,30 tablets,Neuro Care,TRUE,,
949,Oxetol 300,Sun,Oxcarbazepine,300mg,Tablet,30 tablets,Neuro Care,TRUE,,
950,Lamitor 25,Torrent,Lamotrigine,25mg,Tablet,30 tablets,Neuro Care,TRUE,,
951,Lamitor 50,Torrent,Lamotrigine,50mg,Tablet,30 tablets,Neuro Care,TRUE,,
952,Gabapin 100,Intas,Gabapentin,100mg,Capsule,30 capsules,Neuro Care,TRUE,,
953,Gabapin 300,Intas,Gabapentin,300mg,Capsule,30 capsules,Neuro Care,TRUE,,
954,Lyrica 75,Pfizer,Pregabalin,75mg,Capsule,30 capsules,Neuro Care,TRUE,,
955,Lyrica 150,Pfizer,Pregabalin,150mg,Capsule,30 capsules,Neuro Care,TRUE,,
956,Pregabid 75,Intas,Pregabalin,75mg,Capsule,30 capsules,Neuro Care,TRUE,,
957,Maxgalin 75,Sun,Pregabalin,75mg,Capsule,30 capsules,Neuro Care,TRUE,,
958,Lonazep 0.5,Sun,Clonazepam,0.5mg,Tablet,30 tablets,Neuro Care,TRUE,,
959,Clonotril 0.5,Torrent,Clonazepam,0.5mg,Tablet,30 tablets,Neuro Care,TRUE,,
960,Valium 5,Roche,Diazepam,5mg,Tablet,30 tablets,Neuro Care,TRUE,,
961,Ativan 1,Pfizer,Lorazepam,1mg,Tablet,30 tablets,Neuro Care,TRUE,,
962,Zosert 50,Sun,Sertraline,50mg,Tablet,30 tablets,Neuro Care,TRUE,,
963,Prozac 20,Eli Lilly,Fluoxetine,20mg,Capsule,28 capsules,Neuro Care,TRUE,,
964,Nexito 10,Sun,Escitalopram,10mg,Tablet,30 tablets,Neuro Care,TRUE,,
965,Tryptomer 10,Wockhardt,Amitriptyline,10mg,Tablet,30 tablets,Neuro Care,TRUE,,
966,Prothiaden 25,Abbott,Dothiepin,25mg,Tablet,30 tablets,Neuro Care,TRUE,,
967,Venlor XR 75,Cipla,Venlafaxine,75mg,Capsule,30 capsules,Neuro Care,TRUE,,
968,Duzela 20,Sun,Duloxetine,20mg,Capsule,30 capsules,Neuro Care,TRUE,,
969,Bupron XL 150,Sun,Bupropion,150mg,Tablet,30 tablets,Neuro Care,TRUE,,
970,Oleanz 5,Sun,Olanzapine,5mg,Tablet,30 tablets,Neuro Care,TRUE,,
971,Sizodon 2,Sun,Risperidone,2mg,Tablet,30 tablets,Neuro Care,TRUE,,
972,Qutipin 25,Sun,Quetiapine,25mg,Tablet,30 tablets,Neuro Care,TRUE,,
973,Arpizol 10,Sun,Aripiprazole,10mg,Tablet,10 tablets,Neuro Care,TRUE,,
974,Licab XL 400,Torrent,Lithium Carbonate,400mg,Tablet,30 tablets,Neuro Care,TRUE,,
975,Liofen 10,Sun,Baclofen,10mg,Tablet,30 tablets,Neuro Care,TRUE,,
976,Admenta 10,Intas,Memantine,10mg,Tablet,30 tablets,Neuro Care,TRUE,,
977,Alprax 0.25,Torrent,Alprazolam,0.25mg,Tablet,30 tablets,Neuro Care,TRUE,,
978,Alprax 0.5,Torrent,Alprazolam,0.5mg,Tablet,30 tablets,Neuro Care,TRUE,,
979,Zolfresh 10,Sun,Zolpidem,10mg,Tablet,30 tablets,Neuro Care,TRUE,,
980,Frisium 10,Sanofi,Clobazam,10mg,Tablet,30 tablets,Neuro Care,TRUE,,
981,Euthyrox 100,Merck,Levothyroxine,100mcg,Tablet,100 tablets,Thyroid & hormonal,TRUE,,
982,Thyrocab 10,Macleods,Carbimazole,10mg,Tablet,100 tablets,Thyroid & hormonal,TRUE,,
983,Anti-Thyrox 5,Intas,Carbimazole,5mg,Tablet,100 tablets,Thyroid & hormonal,TRUE,,
984,Duphaston 10mg,Abbott,Dydrogesterone,10mg,Tablet,20 tablets,Thyroid & hormonal,TRUE,,
985,Susten 200,Sun Pharma,Progesterone (Micronized),200mg,Capsule,10 capsules,Thyroid & hormonal,TRUE,,
986,Neugaba 75,Sun Pharma,Pregabalin,75mg,Capsule,15 capsules,Neuro Care,TRUE,,
987,Nurokind-Plus,Mankind,Methylcobalamin + Alpha Lipoic Acid,1500mcg + 100mg,Tablet,30 tablets,Neuro Care,FALSE,,
988,Strocit 500,Sun Pharma,Citicoline,500mg,Tablet,10 tablets,Neuro Care,TRUE,,
989,Levipil 500,Sun Pharma,Levetiracetam,500mg,Tablet,30 tablets,Neuro Care,TRUE,,
990,Nasoclear Saline Nasal Drops,Cipla,Sodium Chloride,0.65%,Drops,15ml,Baby Care,FALSE,,
991,Colicaid Drops,Franco-Indian,Simethicone + Dill Oil + Fennel Oil,40mg,Drops,15ml,Baby Care,FALSE,,
992,Dexolac Stage 1,Danone Nutricia,Infant Milk Formula,-,Powder,400g tin,Baby Care,FALSE,,
993,Farex Infant Cereal,Danone,Infant Cereal with Milk,-,Powder,300g box,Baby Care,FALSE,,
994,Atogla Cream,Ajanta Pharma,Moisturizing Baby Cream,-,Cream,100g tube,Baby Care,FALSE,,
995,Lactare Capsule,TTK Healthcare,Herbal Galactagogue Blend,-,Capsule,30 capsules,Mother & Child,FALSE,,
996,Prohance Mom,Sun Pharma,Protein + DHA + Folic Acid,-,Powder,400g tin,Mother & Child,FALSE,,
997,Moov Pain Relief Spray,Reckitt,Diclofenac,1.16%,Spray,50g,Pain relief & fever,FALSE,,
998,Amrutanjan Pain Balm,Amrutanjan Healthcare,Menthol + Methyl Salicylate,-,Ointment,27.5g,Pain relief & fever,FALSE,,
999,Zandu Balm,Emami,Menthol + Eucalyptus Oil,-,Ointment,25ml,Pain relief & fever,FALSE,,
1000,Tiger Balm White,Haw Par Healthcare,Camphor + Menthol,-,Ointment,19g,Pain relief & fever,FALSE,,
